facility_id,facility_name,address,city_town,state,zip_code,county_parish,telephone_number,condition,measure_id,measure_name,score,sample,footnote,start_date,end_date
010779,BULLOCK COUNTY HOSPITAL,102 WEST CONECUH AVENUE,UNION SPRINGS,AL,36089,BULLOCK,(334) 738-2140,Emergency Department,REH_OP_18a,"Average (median) time all patients spent in the emergency department before leaving from the visit, including psychiatric/mental health patients and patients who were transferred to another facility. A lower number of minutes is better",102,308,,10/01/2024,09/30/2025
010779,BULLOCK COUNTY HOSPITAL,102 WEST CONECUH AVENUE,UNION SPRINGS,AL,36089,BULLOCK,(334) 738-2140,Emergency Department,REH_OP_18b,"Average (median) time patients spent in the emergency department before leaving from the visit, excluding patients transferred to another facility or psychiatric care/mental health patients. A lower number of minutes is better",99,282,,10/01/2024,09/30/2025
010779,BULLOCK COUNTY HOSPITAL,102 WEST CONECUH AVENUE,UNION SPRINGS,AL,36089,BULLOCK,(334) 738-2140,Emergency Department,REH_OP_18c,Average (median) time psychiatric/mental health patients spent in the emergency department before leaving from the visit. A lower number of minutes is better,Not Available,Not Available,1,10/01/2024,09/30/2025
010779,BULLOCK COUNTY HOSPITAL,102 WEST CONECUH AVENUE,UNION SPRINGS,AL,36089,BULLOCK,(334) 738-2140,Emergency Department,REH_OP_18d,Average (median) time patients spent in the emergency department before being transferred to another facility. A lower number of minutes is better,252,20,,10/01/2024,09/30/2025
010780,EAMC - LANIER,4800 48TH STREET,VALLEY,AL,36854,CHAMBERS,(334) 756-9180,Emergency Department,REH_OP_18a,"Average (median) time all patients spent in the emergency department before leaving from the visit, including psychiatric/mental health patients and patients who were transferred to another facility. A lower number of minutes is better",104,477,3,10/01/2024,09/30/2025
010780,EAMC - LANIER,4800 48TH STREET,VALLEY,AL,36854,CHAMBERS,(334) 756-9180,Emergency Department,REH_OP_18b,"Average (median) time patients spent in the emergency department before leaving from the visit, excluding patients transferred to another facility or psychiatric care/mental health patients. A lower number of minutes is better",104,472,3,10/01/2024,09/30/2025
010780,EAMC - LANIER,4800 48TH STREET,VALLEY,AL,36854,CHAMBERS,(334) 756-9180,Emergency Department,REH_OP_18c,Average (median) time psychiatric/mental health patients spent in the emergency department before leaving from the visit. A lower number of minutes is better,Not Available,Not Available,"1, 3",10/01/2024,09/30/2025
010780,EAMC - LANIER,4800 48TH STREET,VALLEY,AL,36854,CHAMBERS,(334) 756-9180,Emergency Department,REH_OP_18d,Average (median) time patients spent in the emergency department before being transferred to another facility. A lower number of minutes is better,Not Available,Not Available,"3, 7",10/01/2024,09/30/2025
010781,J PAUL JONES HOSPITAL,317 MCWILLIAMS AVENUE,CAMDEN,AL,36726,WILCOX,(334) 682-4131,Emergency Department,REH_OP_18a,"Average (median) time all patients spent in the emergency department before leaving from the visit, including psychiatric/mental health patients and patients who were transferred to another facility. A lower number of minutes is better",105,94,3,10/01/2024,09/30/2025
010781,J PAUL JONES HOSPITAL,317 MCWILLIAMS AVENUE,CAMDEN,AL,36726,WILCOX,(334) 682-4131,Emergency Department,REH_OP_18b,"Average (median) time patients spent in the emergency department before leaving from the visit, excluding patients transferred to another facility or psychiatric care/mental health patients. A lower number of minutes is better",94,87,3,10/01/2024,09/30/2025
010781,J PAUL JONES HOSPITAL,317 MCWILLIAMS AVENUE,CAMDEN,AL,36726,WILCOX,(334) 682-4131,Emergency Department,REH_OP_18c,Average (median) time psychiatric/mental health patients spent in the emergency department before leaving from the visit. A lower number of minutes is better,Not Available,Not Available,"1, 3",10/01/2024,09/30/2025
010781,J PAUL JONES HOSPITAL,317 MCWILLIAMS AVENUE,CAMDEN,AL,36726,WILCOX,(334) 682-4131,Emergency Department,REH_OP_18d,Average (median) time patients spent in the emergency department before being transferred to another facility. A lower number of minutes is better,Not Available,Not Available,"1, 3",10/01/2024,09/30/2025
040779,ST BERNARDS FIVE RIVERS MEDICAL CENTER,2801 MEDICAL CENTER DRIVE,POCAHONTAS,AR,72455,RANDOLPH,(870) 892-6000,Emergency Department,REH_OP_18a,"Average (median) time all patients spent in the emergency department before leaving from the visit, including psychiatric/mental health patients and patients who were transferred to another facility. A lower number of minutes is better",157,385,,10/01/2024,09/30/2025
040779,ST BERNARDS FIVE RIVERS MEDICAL CENTER,2801 MEDICAL CENTER DRIVE,POCAHONTAS,AR,72455,RANDOLPH,(870) 892-6000,Emergency Department,REH_OP_18b,"Average (median) time patients spent in the emergency department before leaving from the visit, excluding patients transferred to another facility or psychiatric care/mental health patients. A lower number of minutes is better",120,218,,10/01/2024,09/30/2025
040779,ST BERNARDS FIVE RIVERS MEDICAL CENTER,2801 MEDICAL CENTER DRIVE,POCAHONTAS,AR,72455,RANDOLPH,(870) 892-6000,Emergency Department,REH_OP_18c,Average (median) time psychiatric/mental health patients spent in the emergency department before leaving from the visit. A lower number of minutes is better,Not Available,Not Available,1,10/01/2024,09/30/2025
040779,ST BERNARDS FIVE RIVERS MEDICAL CENTER,2801 MEDICAL CENTER DRIVE,POCAHONTAS,AR,72455,RANDOLPH,(870) 892-6000,Emergency Department,REH_OP_18d,Average (median) time patients spent in the emergency department before being transferred to another facility. A lower number of minutes is better,219,163,,10/01/2024,09/30/2025
040780,EUREKA SPRINGS HOSPITAL COMMISSION,24 NORRIS STREET,EUREKA SPRINGS,AR,72632,CARROLL,(479) 253-7400,Emergency Department,REH_OP_18a,"Average (median) time all patients spent in the emergency department before leaving from the visit, including psychiatric/mental health patients and patients who were transferred to another facility. A lower number of minutes is better",112,311,,10/01/2024,09/30/2025
040780,EUREKA SPRINGS HOSPITAL COMMISSION,24 NORRIS STREET,EUREKA SPRINGS,AR,72632,CARROLL,(479) 253-7400,Emergency Department,REH_OP_18b,"Average (median) time patients spent in the emergency department before leaving from the visit, excluding patients transferred to another facility or psychiatric care/mental health patients. A lower number of minutes is better",106,257,,10/01/2024,09/30/2025
040780,EUREKA SPRINGS HOSPITAL COMMISSION,24 NORRIS STREET,EUREKA SPRINGS,AR,72632,CARROLL,(479) 253-7400,Emergency Department,REH_OP_18c,Average (median) time psychiatric/mental health patients spent in the emergency department before leaving from the visit. A lower number of minutes is better,119,19,,10/01/2024,09/30/2025
040780,EUREKA SPRINGS HOSPITAL COMMISSION,24 NORRIS STREET,EUREKA SPRINGS,AR,72632,CARROLL,(479) 253-7400,Emergency Department,REH_OP_18d,Average (median) time patients spent in the emergency department before being transferred to another facility. A lower number of minutes is better,248,38,,10/01/2024,09/30/2025
040781,HELENA REGIONAL MEDICAL CENTER,1801 MARTIN LUTHER KING JR DRIVE,HELENA,AR,72342,PHILLIPS,(870) 338-5800,Emergency Department,REH_OP_18a,"Average (median) time all patients spent in the emergency department before leaving from the visit, including psychiatric/mental health patients and patients who were transferred to another facility. A lower number of minutes is better",131,383,,10/01/2024,09/30/2025
040781,HELENA REGIONAL MEDICAL CENTER,1801 MARTIN LUTHER KING JR DRIVE,HELENA,AR,72342,PHILLIPS,(870) 338-5800,Emergency Department,REH_OP_18b,"Average (median) time patients spent in the emergency department before leaving from the visit, excluding patients transferred to another facility or psychiatric care/mental health patients. A lower number of minutes is better",118,324,,10/01/2024,09/30/2025
040781,HELENA REGIONAL MEDICAL CENTER,1801 MARTIN LUTHER KING JR DRIVE,HELENA,AR,72342,PHILLIPS,(870) 338-5800,Emergency Department,REH_OP_18c,Average (median) time psychiatric/mental health patients spent in the emergency department before leaving from the visit. A lower number of minutes is better,162,19,,10/01/2024,09/30/2025
040781,HELENA REGIONAL MEDICAL CENTER,1801 MARTIN LUTHER KING JR DRIVE,HELENA,AR,72342,PHILLIPS,(870) 338-5800,Emergency Department,REH_OP_18d,Average (median) time patients spent in the emergency department before being transferred to another facility. A lower number of minutes is better,328,41,,10/01/2024,09/30/2025
040782,SOUTH MISSISSIPPI COUNTY REGIONAL MEDICAL CENTER,611 WEST LEE AVENUE,OSCEOLA,AR,72370,MISSISSIPPI,(870) 563-7000,Emergency Department,REH_OP_18a,"Average (median) time all patients spent in the emergency department before leaving from the visit, including psychiatric/mental health patients and patients who were transferred to another facility. A lower number of minutes is better",111,371,,10/01/2024,09/30/2025
040782,SOUTH MISSISSIPPI COUNTY REGIONAL MEDICAL CENTER,611 WEST LEE AVENUE,OSCEOLA,AR,72370,MISSISSIPPI,(870) 563-7000,Emergency Department,REH_OP_18b,"Average (median) time patients spent in the emergency department before leaving from the visit, excluding patients transferred to another facility or psychiatric care/mental health patients. A lower number of minutes is better",102,307,,10/01/2024,09/30/2025
040782,SOUTH MISSISSIPPI COUNTY REGIONAL MEDICAL CENTER,611 WEST LEE AVENUE,OSCEOLA,AR,72370,MISSISSIPPI,(870) 563-7000,Emergency Department,REH_OP_18c,Average (median) time psychiatric/mental health patients spent in the emergency department before leaving from the visit. A lower number of minutes is better,139,12,,10/01/2024,09/30/2025
040782,SOUTH MISSISSIPPI COUNTY REGIONAL MEDICAL CENTER,611 WEST LEE AVENUE,OSCEOLA,AR,72370,MISSISSIPPI,(870) 563-7000,Emergency Department,REH_OP_18d,Average (median) time patients spent in the emergency department before being transferred to another facility. A lower number of minutes is better,239,55,,10/01/2024,09/30/2025
040783,"DEWITT HOSPITAL & NURSING HOME, INC",1641 WHITEHEAD DRIVE,DE WITT,AR,72042,ARKANSAS,(870) 946-3571,Emergency Department,REH_OP_18a,"Average (median) time all patients spent in the emergency department before leaving from the visit, including psychiatric/mental health patients and patients who were transferred to another facility. A lower number of minutes is better",144,126,3,10/01/2024,09/30/2025
040783,"DEWITT HOSPITAL & NURSING HOME, INC",1641 WHITEHEAD DRIVE,DE WITT,AR,72042,ARKANSAS,(870) 946-3571,Emergency Department,REH_OP_18b,"Average (median) time patients spent in the emergency department before leaving from the visit, excluding patients transferred to another facility or psychiatric care/mental health patients. A lower number of minutes is better",128,97,3,10/01/2024,09/30/2025
040783,"DEWITT HOSPITAL & NURSING HOME, INC",1641 WHITEHEAD DRIVE,DE WITT,AR,72042,ARKANSAS,(870) 946-3571,Emergency Department,REH_OP_18c,Average (median) time psychiatric/mental health patients spent in the emergency department before leaving from the visit. A lower number of minutes is better,Not Available,Not Available,"1, 3",10/01/2024,09/30/2025
040783,"DEWITT HOSPITAL & NURSING HOME, INC",1641 WHITEHEAD DRIVE,DE WITT,AR,72042,ARKANSAS,(870) 946-3571,Emergency Department,REH_OP_18d,Average (median) time patients spent in the emergency department before being transferred to another facility. A lower number of minutes is better,229,25,3,10/01/2024,09/30/2025
110779,IRWIN COUNTY HOSPITAL,710 N IRWIN AVENUE,OCILLA,GA,31774,IRWIN,(229) 468-3845,Emergency Department,REH_OP_18a,"Average (median) time all patients spent in the emergency department before leaving from the visit, including psychiatric/mental health patients and patients who were transferred to another facility. A lower number of minutes is better",90,441,,10/01/2024,09/30/2025
110779,IRWIN COUNTY HOSPITAL,710 N IRWIN AVENUE,OCILLA,GA,31774,IRWIN,(229) 468-3845,Emergency Department,REH_OP_18b,"Average (median) time patients spent in the emergency department before leaving from the visit, excluding patients transferred to another facility or psychiatric care/mental health patients. A lower number of minutes is better",87,424,,10/01/2024,09/30/2025
110779,IRWIN COUNTY HOSPITAL,710 N IRWIN AVENUE,OCILLA,GA,31774,IRWIN,(229) 468-3845,Emergency Department,REH_OP_18c,Average (median) time psychiatric/mental health patients spent in the emergency department before leaving from the visit. A lower number of minutes is better,Not Available,Not Available,1,10/01/2024,09/30/2025
110779,IRWIN COUNTY HOSPITAL,710 N IRWIN AVENUE,OCILLA,GA,31774,IRWIN,(229) 468-3845,Emergency Department,REH_OP_18d,Average (median) time patients spent in the emergency department before being transferred to another facility. A lower number of minutes is better,189,11,,10/01/2024,09/30/2025
130779,CASCADE MEDICAL CENTER,402 LAKE CASCADE PARKWAY,CASCADE,ID,83611,VALLEY,(208) 382-4242,Emergency Department,REH_OP_18a,"Average (median) time all patients spent in the emergency department before leaving from the visit, including psychiatric/mental health patients and patients who were transferred to another facility. A lower number of minutes is better",Not Available,Not Available,5,10/01/2024,09/30/2025
130779,CASCADE MEDICAL CENTER,402 LAKE CASCADE PARKWAY,CASCADE,ID,83611,VALLEY,(208) 382-4242,Emergency Department,REH_OP_18b,"Average (median) time patients spent in the emergency department before leaving from the visit, excluding patients transferred to another facility or psychiatric care/mental health patients. A lower number of minutes is better",Not Available,Not Available,5,10/01/2024,09/30/2025
130779,CASCADE MEDICAL CENTER,402 LAKE CASCADE PARKWAY,CASCADE,ID,83611,VALLEY,(208) 382-4242,Emergency Department,REH_OP_18c,Average (median) time psychiatric/mental health patients spent in the emergency department before leaving from the visit. A lower number of minutes is better,Not Available,Not Available,5,10/01/2024,09/30/2025
130779,CASCADE MEDICAL CENTER,402 LAKE CASCADE PARKWAY,CASCADE,ID,83611,VALLEY,(208) 382-4242,Emergency Department,REH_OP_18d,Average (median) time patients spent in the emergency department before being transferred to another facility. A lower number of minutes is better,Not Available,Not Available,5,10/01/2024,09/30/2025
170779,SCK HEALTH,6401 PATTERSON PARKWAY,ARKANSAS CITY,KS,67005,COWLEY,(620) 442-2500,Emergency Department,REH_OP_18a,"Average (median) time all patients spent in the emergency department before leaving from the visit, including psychiatric/mental health patients and patients who were transferred to another facility. A lower number of minutes is better",101,357,,10/01/2024,09/30/2025
170779,SCK HEALTH,6401 PATTERSON PARKWAY,ARKANSAS CITY,KS,67005,COWLEY,(620) 442-2500,Emergency Department,REH_OP_18b,"Average (median) time patients spent in the emergency department before leaving from the visit, excluding patients transferred to another facility or psychiatric care/mental health patients. A lower number of minutes is better",94,305,,10/01/2024,09/30/2025
170779,SCK HEALTH,6401 PATTERSON PARKWAY,ARKANSAS CITY,KS,67005,COWLEY,(620) 442-2500,Emergency Department,REH_OP_18c,Average (median) time psychiatric/mental health patients spent in the emergency department before leaving from the visit. A lower number of minutes is better,154,21,,10/01/2024,09/30/2025
170779,SCK HEALTH,6401 PATTERSON PARKWAY,ARKANSAS CITY,KS,67005,COWLEY,(620) 442-2500,Emergency Department,REH_OP_18d,Average (median) time patients spent in the emergency department before being transferred to another facility. A lower number of minutes is better,296,31,,10/01/2024,09/30/2025
170780,"MERCY HOSPITAL, INC",218 E PACK STREET,MOUNDRIDGE,KS,67107,MCPHERSON,(620) 345-6391,Emergency Department,REH_OP_18a,"Average (median) time all patients spent in the emergency department before leaving from the visit, including psychiatric/mental health patients and patients who were transferred to another facility. A lower number of minutes is better",121,309,,10/01/2024,09/30/2025
170780,"MERCY HOSPITAL, INC",218 E PACK STREET,MOUNDRIDGE,KS,67107,MCPHERSON,(620) 345-6391,Emergency Department,REH_OP_18b,"Average (median) time patients spent in the emergency department before leaving from the visit, excluding patients transferred to another facility or psychiatric care/mental health patients. A lower number of minutes is better",114,263,,10/01/2024,09/30/2025
170780,"MERCY HOSPITAL, INC",218 E PACK STREET,MOUNDRIDGE,KS,67107,MCPHERSON,(620) 345-6391,Emergency Department,REH_OP_18c,Average (median) time psychiatric/mental health patients spent in the emergency department before leaving from the visit. A lower number of minutes is better,Not Available,Not Available,1,10/01/2024,09/30/2025
170780,"MERCY HOSPITAL, INC",218 E PACK STREET,MOUNDRIDGE,KS,67107,MCPHERSON,(620) 345-6391,Emergency Department,REH_OP_18d,Average (median) time patients spent in the emergency department before being transferred to another facility. A lower number of minutes is better,240,38,,10/01/2024,09/30/2025
170781,RUSH COUNTY MEMORIAL HOSPITAL,801 LOCUST ST,LA CROSSE,KS,67548,RUSH,(785) 222-2545,Emergency Department,REH_OP_18a,"Average (median) time all patients spent in the emergency department before leaving from the visit, including psychiatric/mental health patients and patients who were transferred to another facility. A lower number of minutes is better",110,253,,10/01/2024,09/30/2025
170781,RUSH COUNTY MEMORIAL HOSPITAL,801 LOCUST ST,LA CROSSE,KS,67548,RUSH,(785) 222-2545,Emergency Department,REH_OP_18b,"Average (median) time patients spent in the emergency department before leaving from the visit, excluding patients transferred to another facility or psychiatric care/mental health patients. A lower number of minutes is better",98,222,,10/01/2024,09/30/2025
170781,RUSH COUNTY MEMORIAL HOSPITAL,801 LOCUST ST,LA CROSSE,KS,67548,RUSH,(785) 222-2545,Emergency Department,REH_OP_18c,Average (median) time psychiatric/mental health patients spent in the emergency department before leaving from the visit. A lower number of minutes is better,Not Available,Not Available,1,10/01/2024,09/30/2025
170781,RUSH COUNTY MEMORIAL HOSPITAL,801 LOCUST ST,LA CROSSE,KS,67548,RUSH,(785) 222-2545,Emergency Department,REH_OP_18d,Average (median) time patients spent in the emergency department before being transferred to another facility. A lower number of minutes is better,226,24,,10/01/2024,09/30/2025
180779,CRITTENDEN COMMUNITY HOSPITAL,520 WEST GUM STREET,MARION,KY,42064,CRITTENDEN,(270) 965-5281,Emergency Department,REH_OP_18a,"Average (median) time all patients spent in the emergency department before leaving from the visit, including psychiatric/mental health patients and patients who were transferred to another facility. A lower number of minutes is better",114,298,,10/01/2024,09/30/2025
180779,CRITTENDEN COMMUNITY HOSPITAL,520 WEST GUM STREET,MARION,KY,42064,CRITTENDEN,(270) 965-5281,Emergency Department,REH_OP_18b,"Average (median) time patients spent in the emergency department before leaving from the visit, excluding patients transferred to another facility or psychiatric care/mental health patients. A lower number of minutes is better",108,281,,10/01/2024,09/30/2025
180779,CRITTENDEN COMMUNITY HOSPITAL,520 WEST GUM STREET,MARION,KY,42064,CRITTENDEN,(270) 965-5281,Emergency Department,REH_OP_18c,Average (median) time psychiatric/mental health patients spent in the emergency department before leaving from the visit. A lower number of minutes is better,Not Available,Not Available,1,10/01/2024,09/30/2025
180779,CRITTENDEN COMMUNITY HOSPITAL,520 WEST GUM STREET,MARION,KY,42064,CRITTENDEN,(270) 965-5281,Emergency Department,REH_OP_18d,Average (median) time patients spent in the emergency department before being transferred to another facility. A lower number of minutes is better,Not Available,Not Available,1,10/01/2024,09/30/2025
180780,FLEMING COUNTY HOSPITAL,55 FOUNDATION DRIVE,FLEMINGSBURG,KY,41041,FLEMING,(606) 849-2351,Emergency Department,REH_OP_18a,"Average (median) time all patients spent in the emergency department before leaving from the visit, including psychiatric/mental health patients and patients who were transferred to another facility. A lower number of minutes is better",120,99,3,10/01/2024,09/30/2025
180780,FLEMING COUNTY HOSPITAL,55 FOUNDATION DRIVE,FLEMINGSBURG,KY,41041,FLEMING,(606) 849-2351,Emergency Department,REH_OP_18b,"Average (median) time patients spent in the emergency department before leaving from the visit, excluding patients transferred to another facility or psychiatric care/mental health patients. A lower number of minutes is better",105,85,3,10/01/2024,09/30/2025
180780,FLEMING COUNTY HOSPITAL,55 FOUNDATION DRIVE,FLEMINGSBURG,KY,41041,FLEMING,(606) 849-2351,Emergency Department,REH_OP_18c,Average (median) time psychiatric/mental health patients spent in the emergency department before leaving from the visit. A lower number of minutes is better,Not Available,Not Available,"1, 3",10/01/2024,09/30/2025
180780,FLEMING COUNTY HOSPITAL,55 FOUNDATION DRIVE,FLEMINGSBURG,KY,41041,FLEMING,(606) 849-2351,Emergency Department,REH_OP_18d,Average (median) time patients spent in the emergency department before being transferred to another facility. A lower number of minutes is better,235,13,3,10/01/2024,09/30/2025
190779,ASSUMPTION COMMUNITY HOSPITAL,135 HIGHWAY 402,NAPOLEONVILLE,LA,70390,ASSUMPTION,(985) 369-3600,Emergency Department,REH_OP_18a,"Average (median) time all patients spent in the emergency department before leaving from the visit, including psychiatric/mental health patients and patients who were transferred to another facility. A lower number of minutes is better",86,404,,10/01/2024,09/30/2025
190779,ASSUMPTION COMMUNITY HOSPITAL,135 HIGHWAY 402,NAPOLEONVILLE,LA,70390,ASSUMPTION,(985) 369-3600,Emergency Department,REH_OP_18b,"Average (median) time patients spent in the emergency department before leaving from the visit, excluding patients transferred to another facility or psychiatric care/mental health patients. A lower number of minutes is better",83,385,,10/01/2024,09/30/2025
190779,ASSUMPTION COMMUNITY HOSPITAL,135 HIGHWAY 402,NAPOLEONVILLE,LA,70390,ASSUMPTION,(985) 369-3600,Emergency Department,REH_OP_18c,Average (median) time psychiatric/mental health patients spent in the emergency department before leaving from the visit. A lower number of minutes is better,180,19,,10/01/2024,09/30/2025
190779,ASSUMPTION COMMUNITY HOSPITAL,135 HIGHWAY 402,NAPOLEONVILLE,LA,70390,ASSUMPTION,(985) 369-3600,Emergency Department,REH_OP_18d,Average (median) time patients spent in the emergency department before being transferred to another facility. A lower number of minutes is better,Not Available,Not Available,7,10/01/2024,09/30/2025
230779,STURGIS HOSPITAL,916 MYRTLE AVE,STURGIS,MI,49091,ST. JOSEPH,(269) 651-7824,Emergency Department,REH_OP_18a,"Average (median) time all patients spent in the emergency department before leaving from the visit, including psychiatric/mental health patients and patients who were transferred to another facility. A lower number of minutes is better",120,496,,10/01/2024,09/30/2025
230779,STURGIS HOSPITAL,916 MYRTLE AVE,STURGIS,MI,49091,ST. JOSEPH,(269) 651-7824,Emergency Department,REH_OP_18b,"Average (median) time patients spent in the emergency department before leaving from the visit, excluding patients transferred to another facility or psychiatric care/mental health patients. A lower number of minutes is better",68,169,,10/01/2024,09/30/2025
230779,STURGIS HOSPITAL,916 MYRTLE AVE,STURGIS,MI,49091,ST. JOSEPH,(269) 651-7824,Emergency Department,REH_OP_18c,Average (median) time psychiatric/mental health patients spent in the emergency department before leaving from the visit. A lower number of minutes is better,217,327,,10/01/2024,09/30/2025
230779,STURGIS HOSPITAL,916 MYRTLE AVE,STURGIS,MI,49091,ST. JOSEPH,(269) 651-7824,Emergency Department,REH_OP_18d,Average (median) time patients spent in the emergency department before being transferred to another facility. A lower number of minutes is better,Not Available,Not Available,7,10/01/2024,09/30/2025
240779,MAHNOMEN HEALTH CENTER,414 W JEFFERSON PO BOX 396,MAHNOMEN,MN,56557,MAHNOMEN,(218) 935-2511,Emergency Department,REH_OP_18a,"Average (median) time all patients spent in the emergency department before leaving from the visit, including psychiatric/mental health patients and patients who were transferred to another facility. A lower number of minutes is better",103,248,,10/01/2024,09/30/2025
240779,MAHNOMEN HEALTH CENTER,414 W JEFFERSON PO BOX 396,MAHNOMEN,MN,56557,MAHNOMEN,(218) 935-2511,Emergency Department,REH_OP_18b,"Average (median) time patients spent in the emergency department before leaving from the visit, excluding patients transferred to another facility or psychiatric care/mental health patients. A lower number of minutes is better",84,154,,10/01/2024,09/30/2025
240779,MAHNOMEN HEALTH CENTER,414 W JEFFERSON PO BOX 396,MAHNOMEN,MN,56557,MAHNOMEN,(218) 935-2511,Emergency Department,REH_OP_18c,Average (median) time psychiatric/mental health patients spent in the emergency department before leaving from the visit. A lower number of minutes is better,192,73,,10/01/2024,09/30/2025
240779,MAHNOMEN HEALTH CENTER,414 W JEFFERSON PO BOX 396,MAHNOMEN,MN,56557,MAHNOMEN,(218) 935-2511,Emergency Department,REH_OP_18d,Average (median) time patients spent in the emergency department before being transferred to another facility. A lower number of minutes is better,228,28,,10/01/2024,09/30/2025
250780,JEFFERSON COUNTY HOSPITAL,870 S MAIN,FAYETTE,MS,39069,JEFFERSON,(601) 786-3401,Emergency Department,REH_OP_18a,"Average (median) time all patients spent in the emergency department before leaving from the visit, including psychiatric/mental health patients and patients who were transferred to another facility. A lower number of minutes is better",Not Available,Not Available,5,10/01/2024,09/30/2025
250780,JEFFERSON COUNTY HOSPITAL,870 S MAIN,FAYETTE,MS,39069,JEFFERSON,(601) 786-3401,Emergency Department,REH_OP_18b,"Average (median) time patients spent in the emergency department before leaving from the visit, excluding patients transferred to another facility or psychiatric care/mental health patients. A lower number of minutes is better",Not Available,Not Available,5,10/01/2024,09/30/2025
250780,JEFFERSON COUNTY HOSPITAL,870 S MAIN,FAYETTE,MS,39069,JEFFERSON,(601) 786-3401,Emergency Department,REH_OP_18c,Average (median) time psychiatric/mental health patients spent in the emergency department before leaving from the visit. A lower number of minutes is better,Not Available,Not Available,5,10/01/2024,09/30/2025
250780,JEFFERSON COUNTY HOSPITAL,870 S MAIN,FAYETTE,MS,39069,JEFFERSON,(601) 786-3401,Emergency Department,REH_OP_18d,Average (median) time patients spent in the emergency department before being transferred to another facility. A lower number of minutes is better,Not Available,Not Available,5,10/01/2024,09/30/2025
250781,PANOLA MEDICAL CENTER,303 MEDICAL CENTER DRIVE,BATESVILLE,MS,38606,PANOLA,(662) 563-5611,Emergency Department,REH_OP_18a,"Average (median) time all patients spent in the emergency department before leaving from the visit, including psychiatric/mental health patients and patients who were transferred to another facility. A lower number of minutes is better",108,315,3,10/01/2024,09/30/2025
250781,PANOLA MEDICAL CENTER,303 MEDICAL CENTER DRIVE,BATESVILLE,MS,38606,PANOLA,(662) 563-5611,Emergency Department,REH_OP_18b,"Average (median) time patients spent in the emergency department before leaving from the visit, excluding patients transferred to another facility or psychiatric care/mental health patients. A lower number of minutes is better",92,257,3,10/01/2024,09/30/2025
250781,PANOLA MEDICAL CENTER,303 MEDICAL CENTER DRIVE,BATESVILLE,MS,38606,PANOLA,(662) 563-5611,Emergency Department,REH_OP_18c,Average (median) time psychiatric/mental health patients spent in the emergency department before leaving from the visit. A lower number of minutes is better,411,21,3,10/01/2024,09/30/2025
250781,PANOLA MEDICAL CENTER,303 MEDICAL CENTER DRIVE,BATESVILLE,MS,38606,PANOLA,(662) 563-5611,Emergency Department,REH_OP_18d,Average (median) time patients spent in the emergency department before being transferred to another facility. A lower number of minutes is better,379,46,3,10/01/2024,09/30/2025
250782,GREENE COUNTY HOSPITAL,1017 JACKSON STREET,LEAKESVILLE,MS,39451,GREENE,(601) 394-4135,Emergency Department,REH_OP_18a,"Average (median) time all patients spent in the emergency department before leaving from the visit, including psychiatric/mental health patients and patients who were transferred to another facility. A lower number of minutes is better",116,52,3,10/01/2024,09/30/2025
250782,GREENE COUNTY HOSPITAL,1017 JACKSON STREET,LEAKESVILLE,MS,39451,GREENE,(601) 394-4135,Emergency Department,REH_OP_18b,"Average (median) time patients spent in the emergency department before leaving from the visit, excluding patients transferred to another facility or psychiatric care/mental health patients. A lower number of minutes is better",100,50,3,10/01/2024,09/30/2025
250782,GREENE COUNTY HOSPITAL,1017 JACKSON STREET,LEAKESVILLE,MS,39451,GREENE,(601) 394-4135,Emergency Department,REH_OP_18c,Average (median) time psychiatric/mental health patients spent in the emergency department before leaving from the visit. A lower number of minutes is better,Not Available,Not Available,"1, 3",10/01/2024,09/30/2025
250782,GREENE COUNTY HOSPITAL,1017 JACKSON STREET,LEAKESVILLE,MS,39451,GREENE,(601) 394-4135,Emergency Department,REH_OP_18d,Average (median) time patients spent in the emergency department before being transferred to another facility. A lower number of minutes is better,Not Available,Not Available,"3, 7",10/01/2024,09/30/2025
250783,PERRY COUNTY GENERAL HOSPITAL,206 BAY ST,RICHTON,MS,39476,GREENE,(601) 788-6316,Emergency Department,REH_OP_18a,"Average (median) time all patients spent in the emergency department before leaving from the visit, including psychiatric/mental health patients and patients who were transferred to another facility. A lower number of minutes is better",80,432,,10/01/2024,09/30/2025
250783,PERRY COUNTY GENERAL HOSPITAL,206 BAY ST,RICHTON,MS,39476,GREENE,(601) 788-6316,Emergency Department,REH_OP_18b,"Average (median) time patients spent in the emergency department before leaving from the visit, excluding patients transferred to another facility or psychiatric care/mental health patients. A lower number of minutes is better",78,404,,10/01/2024,09/30/2025
250783,PERRY COUNTY GENERAL HOSPITAL,206 BAY ST,RICHTON,MS,39476,GREENE,(601) 788-6316,Emergency Department,REH_OP_18c,Average (median) time psychiatric/mental health patients spent in the emergency department before leaving from the visit. A lower number of minutes is better,Not Available,Not Available,1,10/01/2024,09/30/2025
250783,PERRY COUNTY GENERAL HOSPITAL,206 BAY ST,RICHTON,MS,39476,GREENE,(601) 788-6316,Emergency Department,REH_OP_18d,Average (median) time patients spent in the emergency department before being transferred to another facility. A lower number of minutes is better,194,24,,10/01/2024,09/30/2025
250784,SHARKEY ISSAQUENA COMMUNITY HOSPITAL,47 SOUTH FOURTH ST,ROLLING FORK,MS,39159,SHARKEY,(662) 873-4395,Emergency Department,REH_OP_18a,"Average (median) time all patients spent in the emergency department before leaving from the visit, including psychiatric/mental health patients and patients who were transferred to another facility. A lower number of minutes is better",150,44,3,10/01/2024,09/30/2025
250784,SHARKEY ISSAQUENA COMMUNITY HOSPITAL,47 SOUTH FOURTH ST,ROLLING FORK,MS,39159,SHARKEY,(662) 873-4395,Emergency Department,REH_OP_18b,"Average (median) time patients spent in the emergency department before leaving from the visit, excluding patients transferred to another facility or psychiatric care/mental health patients. A lower number of minutes is better",142,33,3,10/01/2024,09/30/2025
250784,SHARKEY ISSAQUENA COMMUNITY HOSPITAL,47 SOUTH FOURTH ST,ROLLING FORK,MS,39159,SHARKEY,(662) 873-4395,Emergency Department,REH_OP_18c,Average (median) time psychiatric/mental health patients spent in the emergency department before leaving from the visit. A lower number of minutes is better,Not Available,Not Available,"1, 3",10/01/2024,09/30/2025
250784,SHARKEY ISSAQUENA COMMUNITY HOSPITAL,47 SOUTH FOURTH ST,ROLLING FORK,MS,39159,SHARKEY,(662) 873-4395,Emergency Department,REH_OP_18d,Average (median) time patients spent in the emergency department before being transferred to another facility. A lower number of minutes is better,Not Available,Not Available,"1, 3",10/01/2024,09/30/2025
250785,PROGRESSIVE HEALTH GROUP OF HOUSTON,1002 EAST MADISON STREET,HOUSTON,MS,38851,CHICKASAW,(662) 456-3700,Emergency Department,REH_OP_18a,"Average (median) time all patients spent in the emergency department before leaving from the visit, including psychiatric/mental health patients and patients who were transferred to another facility. A lower number of minutes is better",89,137,3,10/01/2024,09/30/2025
250785,PROGRESSIVE HEALTH GROUP OF HOUSTON,1002 EAST MADISON STREET,HOUSTON,MS,38851,CHICKASAW,(662) 456-3700,Emergency Department,REH_OP_18b,"Average (median) time patients spent in the emergency department before leaving from the visit, excluding patients transferred to another facility or psychiatric care/mental health patients. A lower number of minutes is better",87,131,3,10/01/2024,09/30/2025
250785,PROGRESSIVE HEALTH GROUP OF HOUSTON,1002 EAST MADISON STREET,HOUSTON,MS,38851,CHICKASAW,(662) 456-3700,Emergency Department,REH_OP_18c,Average (median) time psychiatric/mental health patients spent in the emergency department before leaving from the visit. A lower number of minutes is better,Not Available,Not Available,"1, 3",10/01/2024,09/30/2025
250785,PROGRESSIVE HEALTH GROUP OF HOUSTON,1002 EAST MADISON STREET,HOUSTON,MS,38851,CHICKASAW,(662) 456-3700,Emergency Department,REH_OP_18d,Average (median) time patients spent in the emergency department before being transferred to another facility. A lower number of minutes is better,Not Available,Not Available,"1, 3",10/01/2024,09/30/2025
250786,SMITH COUNTY  EMERGENCY HOSPITAL,347 MAGNOLIA DRIVE,RALEIGH,MS,39153,SMITH,(601) 765-6711,Emergency Department,REH_OP_18a,"Average (median) time all patients spent in the emergency department before leaving from the visit, including psychiatric/mental health patients and patients who were transferred to another facility. A lower number of minutes is better",Not Available,Not Available,5,10/01/2024,09/30/2025
250786,SMITH COUNTY  EMERGENCY HOSPITAL,347 MAGNOLIA DRIVE,RALEIGH,MS,39153,SMITH,(601) 765-6711,Emergency Department,REH_OP_18b,"Average (median) time patients spent in the emergency department before leaving from the visit, excluding patients transferred to another facility or psychiatric care/mental health patients. A lower number of minutes is better",Not Available,Not Available,5,10/01/2024,09/30/2025
250786,SMITH COUNTY  EMERGENCY HOSPITAL,347 MAGNOLIA DRIVE,RALEIGH,MS,39153,SMITH,(601) 765-6711,Emergency Department,REH_OP_18c,Average (median) time psychiatric/mental health patients spent in the emergency department before leaving from the visit. A lower number of minutes is better,Not Available,Not Available,5,10/01/2024,09/30/2025
250786,SMITH COUNTY  EMERGENCY HOSPITAL,347 MAGNOLIA DRIVE,RALEIGH,MS,39153,SMITH,(601) 765-6711,Emergency Department,REH_OP_18d,Average (median) time patients spent in the emergency department before being transferred to another facility. A lower number of minutes is better,Not Available,Not Available,5,10/01/2024,09/30/2025
260779,PARKLAND HEALTH CENTER - BONNE TERRE,7245 RAIDER ROAD,BONNE TERRE,MO,63628,ST. FRANCOIS,(573) 358-1400,Emergency Department,REH_OP_18a,"Average (median) time all patients spent in the emergency department before leaving from the visit, including psychiatric/mental health patients and patients who were transferred to another facility. A lower number of minutes is better",113,403,,10/01/2024,09/30/2025
260779,PARKLAND HEALTH CENTER - BONNE TERRE,7245 RAIDER ROAD,BONNE TERRE,MO,63628,ST. FRANCOIS,(573) 358-1400,Emergency Department,REH_OP_18b,"Average (median) time patients spent in the emergency department before leaving from the visit, excluding patients transferred to another facility or psychiatric care/mental health patients. A lower number of minutes is better",107,368,,10/01/2024,09/30/2025
260779,PARKLAND HEALTH CENTER - BONNE TERRE,7245 RAIDER ROAD,BONNE TERRE,MO,63628,ST. FRANCOIS,(573) 358-1400,Emergency Department,REH_OP_18c,Average (median) time psychiatric/mental health patients spent in the emergency department before leaving from the visit. A lower number of minutes is better,Not Available,Not Available,1,10/01/2024,09/30/2025
260779,PARKLAND HEALTH CENTER - BONNE TERRE,7245 RAIDER ROAD,BONNE TERRE,MO,63628,ST. FRANCOIS,(573) 358-1400,Emergency Department,REH_OP_18d,Average (median) time patients spent in the emergency department before being transferred to another facility. A lower number of minutes is better,354,26,,10/01/2024,09/30/2025
280779,FRIEND COMMUNITY HEALTHCARE SYSTEM,905 SECOND STREET,FRIEND,NE,68359,SALINE,(402) 947-2541,Emergency Department,REH_OP_18a,"Average (median) time all patients spent in the emergency department before leaving from the visit, including psychiatric/mental health patients and patients who were transferred to another facility. A lower number of minutes is better",101,239,,10/01/2024,09/30/2025
280779,FRIEND COMMUNITY HEALTHCARE SYSTEM,905 SECOND STREET,FRIEND,NE,68359,SALINE,(402) 947-2541,Emergency Department,REH_OP_18b,"Average (median) time patients spent in the emergency department before leaving from the visit, excluding patients transferred to another facility or psychiatric care/mental health patients. A lower number of minutes is better",93,223,,10/01/2024,09/30/2025
280779,FRIEND COMMUNITY HEALTHCARE SYSTEM,905 SECOND STREET,FRIEND,NE,68359,SALINE,(402) 947-2541,Emergency Department,REH_OP_18c,Average (median) time psychiatric/mental health patients spent in the emergency department before leaving from the visit. A lower number of minutes is better,Not Available,Not Available,1,10/01/2024,09/30/2025
280779,FRIEND COMMUNITY HEALTHCARE SYSTEM,905 SECOND STREET,FRIEND,NE,68359,SALINE,(402) 947-2541,Emergency Department,REH_OP_18d,Average (median) time patients spent in the emergency department before being transferred to another facility. A lower number of minutes is better,271,11,,10/01/2024,09/30/2025
320779,GUADALUPE COUNTY HOSPITAL,"117 CAMINO DE VIDA, SUITE 100",SANTA ROSA,NM,88435,GUADALUPE,(575) 472-3417,Emergency Department,REH_OP_18a,"Average (median) time all patients spent in the emergency department before leaving from the visit, including psychiatric/mental health patients and patients who were transferred to another facility. A lower number of minutes is better",125,297,,10/01/2024,09/30/2025
320779,GUADALUPE COUNTY HOSPITAL,"117 CAMINO DE VIDA, SUITE 100",SANTA ROSA,NM,88435,GUADALUPE,(575) 472-3417,Emergency Department,REH_OP_18b,"Average (median) time patients spent in the emergency department before leaving from the visit, excluding patients transferred to another facility or psychiatric care/mental health patients. A lower number of minutes is better",122,286,,10/01/2024,09/30/2025
320779,GUADALUPE COUNTY HOSPITAL,"117 CAMINO DE VIDA, SUITE 100",SANTA ROSA,NM,88435,GUADALUPE,(575) 472-3417,Emergency Department,REH_OP_18c,Average (median) time psychiatric/mental health patients spent in the emergency department before leaving from the visit. A lower number of minutes is better,Not Available,Not Available,1,10/01/2024,09/30/2025
320779,GUADALUPE COUNTY HOSPITAL,"117 CAMINO DE VIDA, SUITE 100",SANTA ROSA,NM,88435,GUADALUPE,(575) 472-3417,Emergency Department,REH_OP_18d,Average (median) time patients spent in the emergency department before being transferred to another facility. A lower number of minutes is better,Not Available,Not Available,1,10/01/2024,09/30/2025
330799,CLIFTON-FINE HOSPITAL,1014 OSWEGATCHIE TRAIL,STAR LAKE,NY,13690,ST. LAWRENCE,(315) 848-4205,Emergency Department,REH_OP_18a,"Average (median) time all patients spent in the emergency department before leaving from the visit, including psychiatric/mental health patients and patients who were transferred to another facility. A lower number of minutes is better",92,184,3,10/01/2024,09/30/2025
330799,CLIFTON-FINE HOSPITAL,1014 OSWEGATCHIE TRAIL,STAR LAKE,NY,13690,ST. LAWRENCE,(315) 848-4205,Emergency Department,REH_OP_18b,"Average (median) time patients spent in the emergency department before leaving from the visit, excluding patients transferred to another facility or psychiatric care/mental health patients. A lower number of minutes is better",91,177,3,10/01/2024,09/30/2025
330799,CLIFTON-FINE HOSPITAL,1014 OSWEGATCHIE TRAIL,STAR LAKE,NY,13690,ST. LAWRENCE,(315) 848-4205,Emergency Department,REH_OP_18c,Average (median) time psychiatric/mental health patients spent in the emergency department before leaving from the visit. A lower number of minutes is better,Not Available,Not Available,"1, 3",10/01/2024,09/30/2025
330799,CLIFTON-FINE HOSPITAL,1014 OSWEGATCHIE TRAIL,STAR LAKE,NY,13690,ST. LAWRENCE,(315) 848-4205,Emergency Department,REH_OP_18d,Average (median) time patients spent in the emergency department before being transferred to another facility. A lower number of minutes is better,Not Available,Not Available,"1, 3",10/01/2024,09/30/2025
330800,IRA DAVENPORT MEMORIAL HOSPITAL,7571 STATE ROUTE 54,BATH,NY,14810,STEUBEN,(607) 776-8500,Emergency Department,REH_OP_18a,"Average (median) time all patients spent in the emergency department before leaving from the visit, including psychiatric/mental health patients and patients who were transferred to another facility. A lower number of minutes is better",121,181,3,10/01/2024,09/30/2025
330800,IRA DAVENPORT MEMORIAL HOSPITAL,7571 STATE ROUTE 54,BATH,NY,14810,STEUBEN,(607) 776-8500,Emergency Department,REH_OP_18b,"Average (median) time patients spent in the emergency department before leaving from the visit, excluding patients transferred to another facility or psychiatric care/mental health patients. A lower number of minutes is better",107,152,3,10/01/2024,09/30/2025
330800,IRA DAVENPORT MEMORIAL HOSPITAL,7571 STATE ROUTE 54,BATH,NY,14810,STEUBEN,(607) 776-8500,Emergency Department,REH_OP_18c,Average (median) time psychiatric/mental health patients spent in the emergency department before leaving from the visit. A lower number of minutes is better,197,14,3,10/01/2024,09/30/2025
330800,IRA DAVENPORT MEMORIAL HOSPITAL,7571 STATE ROUTE 54,BATH,NY,14810,STEUBEN,(607) 776-8500,Emergency Department,REH_OP_18d,Average (median) time patients spent in the emergency department before being transferred to another facility. A lower number of minutes is better,478,17,3,10/01/2024,09/30/2025
330801,"WESTFIELD MEMORIAL HOSPITAL, INC",189 EAST MAIN STREET,WESTFIELD,NY,14787,CHAUTAUQUA,(716) 326-4921,Emergency Department,REH_OP_18a,"Average (median) time all patients spent in the emergency department before leaving from the visit, including psychiatric/mental health patients and patients who were transferred to another facility. A lower number of minutes is better",Not Available,Not Available,5,10/01/2024,09/30/2025
330801,"WESTFIELD MEMORIAL HOSPITAL, INC",189 EAST MAIN STREET,WESTFIELD,NY,14787,CHAUTAUQUA,(716) 326-4921,Emergency Department,REH_OP_18b,"Average (median) time patients spent in the emergency department before leaving from the visit, excluding patients transferred to another facility or psychiatric care/mental health patients. A lower number of minutes is better",Not Available,Not Available,5,10/01/2024,09/30/2025
330801,"WESTFIELD MEMORIAL HOSPITAL, INC",189 EAST MAIN STREET,WESTFIELD,NY,14787,CHAUTAUQUA,(716) 326-4921,Emergency Department,REH_OP_18c,Average (median) time psychiatric/mental health patients spent in the emergency department before leaving from the visit. A lower number of minutes is better,Not Available,Not Available,5,10/01/2024,09/30/2025
330801,"WESTFIELD MEMORIAL HOSPITAL, INC",189 EAST MAIN STREET,WESTFIELD,NY,14787,CHAUTAUQUA,(716) 326-4921,Emergency Department,REH_OP_18d,Average (median) time patients spent in the emergency department before being transferred to another facility. A lower number of minutes is better,Not Available,Not Available,5,10/01/2024,09/30/2025
370779,STILLWATER MEDICAL - PERRY,501 N 14TH ST,PERRY,OK,73077,NOBLE,(580) 336-3541,Emergency Department,REH_OP_18a,"Average (median) time all patients spent in the emergency department before leaving from the visit, including psychiatric/mental health patients and patients who were transferred to another facility. A lower number of minutes is better",116,270,,10/01/2024,09/30/2025
370779,STILLWATER MEDICAL - PERRY,501 N 14TH ST,PERRY,OK,73077,NOBLE,(580) 336-3541,Emergency Department,REH_OP_18b,"Average (median) time patients spent in the emergency department before leaving from the visit, excluding patients transferred to another facility or psychiatric care/mental health patients. A lower number of minutes is better",110,244,,10/01/2024,09/30/2025
370779,STILLWATER MEDICAL - PERRY,501 N 14TH ST,PERRY,OK,73077,NOBLE,(580) 336-3541,Emergency Department,REH_OP_18c,Average (median) time psychiatric/mental health patients spent in the emergency department before leaving from the visit. A lower number of minutes is better,Not Available,Not Available,1,10/01/2024,09/30/2025
370779,STILLWATER MEDICAL - PERRY,501 N 14TH ST,PERRY,OK,73077,NOBLE,(580) 336-3541,Emergency Department,REH_OP_18d,Average (median) time patients spent in the emergency department before being transferred to another facility. A lower number of minutes is better,193,23,,10/01/2024,09/30/2025
370780,STILLWATER MEDICAL-BLACKWELL,710 S 13TH STREET,BLACKWELL,OK,74631,KAY,(580) 363-2311,Emergency Department,REH_OP_18a,"Average (median) time all patients spent in the emergency department before leaving from the visit, including psychiatric/mental health patients and patients who were transferred to another facility. A lower number of minutes is better",101,498,,10/01/2024,09/30/2025
370780,STILLWATER MEDICAL-BLACKWELL,710 S 13TH STREET,BLACKWELL,OK,74631,KAY,(580) 363-2311,Emergency Department,REH_OP_18b,"Average (median) time patients spent in the emergency department before leaving from the visit, excluding patients transferred to another facility or psychiatric care/mental health patients. A lower number of minutes is better",96,443,,10/01/2024,09/30/2025
370780,STILLWATER MEDICAL-BLACKWELL,710 S 13TH STREET,BLACKWELL,OK,74631,KAY,(580) 363-2311,Emergency Department,REH_OP_18c,Average (median) time psychiatric/mental health patients spent in the emergency department before leaving from the visit. A lower number of minutes is better,106,14,,10/01/2024,09/30/2025
370780,STILLWATER MEDICAL-BLACKWELL,710 S 13TH STREET,BLACKWELL,OK,74631,KAY,(580) 363-2311,Emergency Department,REH_OP_18d,Average (median) time patients spent in the emergency department before being transferred to another facility. A lower number of minutes is better,210,43,,10/01/2024,09/30/2025
370781,HARPER COUNTY COMMUNITY HOSPITAL,1003 US HIGHWAY 64 NORTH,BUFFALO,OK,73834,HARPER,(580) 735-2555,Emergency Department,REH_OP_18a,"Average (median) time all patients spent in the emergency department before leaving from the visit, including psychiatric/mental health patients and patients who were transferred to another facility. A lower number of minutes is better",55,189,3,10/01/2024,09/30/2025
370781,HARPER COUNTY COMMUNITY HOSPITAL,1003 US HIGHWAY 64 NORTH,BUFFALO,OK,73834,HARPER,(580) 735-2555,Emergency Department,REH_OP_18b,"Average (median) time patients spent in the emergency department before leaving from the visit, excluding patients transferred to another facility or psychiatric care/mental health patients. A lower number of minutes is better",54,186,3,10/01/2024,09/30/2025
370781,HARPER COUNTY COMMUNITY HOSPITAL,1003 US HIGHWAY 64 NORTH,BUFFALO,OK,73834,HARPER,(580) 735-2555,Emergency Department,REH_OP_18c,Average (median) time psychiatric/mental health patients spent in the emergency department before leaving from the visit. A lower number of minutes is better,Not Available,Not Available,"1, 3",10/01/2024,09/30/2025
370781,HARPER COUNTY COMMUNITY HOSPITAL,1003 US HIGHWAY 64 NORTH,BUFFALO,OK,73834,HARPER,(580) 735-2555,Emergency Department,REH_OP_18d,Average (median) time patients spent in the emergency department before being transferred to another facility. A lower number of minutes is better,Not Available,Not Available,"1, 3",10/01/2024,09/30/2025
370783,ELKVIEW GENERAL HOSPITAL,429 WEST ELM STREET,HOBART,OK,73651,KIOWA,(580) 726-3324,Emergency Department,REH_OP_18a,"Average (median) time all patients spent in the emergency department before leaving from the visit, including psychiatric/mental health patients and patients who were transferred to another facility. A lower number of minutes is better",113,384,,10/01/2024,09/30/2025
370783,ELKVIEW GENERAL HOSPITAL,429 WEST ELM STREET,HOBART,OK,73651,KIOWA,(580) 726-3324,Emergency Department,REH_OP_18b,"Average (median) time patients spent in the emergency department before leaving from the visit, excluding patients transferred to another facility or psychiatric care/mental health patients. A lower number of minutes is better",104,344,,10/01/2024,09/30/2025
370783,ELKVIEW GENERAL HOSPITAL,429 WEST ELM STREET,HOBART,OK,73651,KIOWA,(580) 726-3324,Emergency Department,REH_OP_18c,Average (median) time psychiatric/mental health patients spent in the emergency department before leaving from the visit. A lower number of minutes is better,315,11,,10/01/2024,09/30/2025
370783,ELKVIEW GENERAL HOSPITAL,429 WEST ELM STREET,HOBART,OK,73651,KIOWA,(580) 726-3324,Emergency Department,REH_OP_18d,Average (median) time patients spent in the emergency department before being transferred to another facility. A lower number of minutes is better,259,31,,10/01/2024,09/30/2025
370784,CLINTON REGIONAL HOSPITAL,100 N 30TH STREET,CLINTON,OK,73601,CUSTER,(580) 323-0346,Emergency Department,REH_OP_18a,"Average (median) time all patients spent in the emergency department before leaving from the visit, including psychiatric/mental health patients and patients who were transferred to another facility. A lower number of minutes is better",134,304,3,10/01/2024,09/30/2025
370784,CLINTON REGIONAL HOSPITAL,100 N 30TH STREET,CLINTON,OK,73601,CUSTER,(580) 323-0346,Emergency Department,REH_OP_18b,"Average (median) time patients spent in the emergency department before leaving from the visit, excluding patients transferred to another facility or psychiatric care/mental health patients. A lower number of minutes is better",114,259,3,10/01/2024,09/30/2025
370784,CLINTON REGIONAL HOSPITAL,100 N 30TH STREET,CLINTON,OK,73601,CUSTER,(580) 323-0346,Emergency Department,REH_OP_18c,Average (median) time psychiatric/mental health patients spent in the emergency department before leaving from the visit. A lower number of minutes is better,Not Available,Not Available,"1, 3",10/01/2024,09/30/2025
370784,CLINTON REGIONAL HOSPITAL,100 N 30TH STREET,CLINTON,OK,73601,CUSTER,(580) 323-0346,Emergency Department,REH_OP_18d,Average (median) time patients spent in the emergency department before being transferred to another facility. A lower number of minutes is better,226,38,3,10/01/2024,09/30/2025
430779,LANDMANN JUNGMAN MEMORIAL HOSPITAL CORPORATION,600 BILLARS ST,SCOTLAND,SD,57059,BON HOMME,(605) 583-2226,Emergency Department,REH_OP_18a,"Average (median) time all patients spent in the emergency department before leaving from the visit, including psychiatric/mental health patients and patients who were transferred to another facility. A lower number of minutes is better",124,83,3,10/01/2024,09/30/2025
430779,LANDMANN JUNGMAN MEMORIAL HOSPITAL CORPORATION,600 BILLARS ST,SCOTLAND,SD,57059,BON HOMME,(605) 583-2226,Emergency Department,REH_OP_18b,"Average (median) time patients spent in the emergency department before leaving from the visit, excluding patients transferred to another facility or psychiatric care/mental health patients. A lower number of minutes is better",117,75,3,10/01/2024,09/30/2025
430779,LANDMANN JUNGMAN MEMORIAL HOSPITAL CORPORATION,600 BILLARS ST,SCOTLAND,SD,57059,BON HOMME,(605) 583-2226,Emergency Department,REH_OP_18c,Average (median) time psychiatric/mental health patients spent in the emergency department before leaving from the visit. A lower number of minutes is better,Not Available,Not Available,"3, 7",10/01/2024,09/30/2025
430779,LANDMANN JUNGMAN MEMORIAL HOSPITAL CORPORATION,600 BILLARS ST,SCOTLAND,SD,57059,BON HOMME,(605) 583-2226,Emergency Department,REH_OP_18d,Average (median) time patients spent in the emergency department before being transferred to another facility. A lower number of minutes is better,Not Available,Not Available,"1, 3",10/01/2024,09/30/2025
440779,TRISTAR ASHLAND CITY MEDICAL CENTER,313 NORTH MAIN ST,ASHLAND CITY,TN,37015,CHEATHAM,(615) 792-3030,Emergency Department,REH_OP_18a,"Average (median) time all patients spent in the emergency department before leaving from the visit, including psychiatric/mental health patients and patients who were transferred to another facility. A lower number of minutes is better",77,398,,10/01/2024,09/30/2025
440779,TRISTAR ASHLAND CITY MEDICAL CENTER,313 NORTH MAIN ST,ASHLAND CITY,TN,37015,CHEATHAM,(615) 792-3030,Emergency Department,REH_OP_18b,"Average (median) time patients spent in the emergency department before leaving from the visit, excluding patients transferred to another facility or psychiatric care/mental health patients. A lower number of minutes is better",67,350,,10/01/2024,09/30/2025
440779,TRISTAR ASHLAND CITY MEDICAL CENTER,313 NORTH MAIN ST,ASHLAND CITY,TN,37015,CHEATHAM,(615) 792-3030,Emergency Department,REH_OP_18c,Average (median) time psychiatric/mental health patients spent in the emergency department before leaving from the visit. A lower number of minutes is better,Not Available,Not Available,1,10/01/2024,09/30/2025
440779,TRISTAR ASHLAND CITY MEDICAL CENTER,313 NORTH MAIN ST,ASHLAND CITY,TN,37015,CHEATHAM,(615) 792-3030,Emergency Department,REH_OP_18d,Average (median) time patients spent in the emergency department before being transferred to another facility. A lower number of minutes is better,286,41,,10/01/2024,09/30/2025
440780,WAYNE MEDICAL CENTER,103 J V MANGUBAT DR,WAYNESBORO,TN,38485,WAYNE,(931) 722-5411,Emergency Department,REH_OP_18a,"Average (median) time all patients spent in the emergency department before leaving from the visit, including psychiatric/mental health patients and patients who were transferred to another facility. A lower number of minutes is better",118,1153,3,10/01/2024,09/30/2025
440780,WAYNE MEDICAL CENTER,103 J V MANGUBAT DR,WAYNESBORO,TN,38485,WAYNE,(931) 722-5411,Emergency Department,REH_OP_18b,"Average (median) time patients spent in the emergency department before leaving from the visit, excluding patients transferred to another facility or psychiatric care/mental health patients. A lower number of minutes is better",105,941,3,10/01/2024,09/30/2025
440780,WAYNE MEDICAL CENTER,103 J V MANGUBAT DR,WAYNESBORO,TN,38485,WAYNE,(931) 722-5411,Emergency Department,REH_OP_18c,Average (median) time psychiatric/mental health patients spent in the emergency department before leaving from the visit. A lower number of minutes is better,210,40,3,10/01/2024,09/30/2025
440780,WAYNE MEDICAL CENTER,103 J V MANGUBAT DR,WAYNESBORO,TN,38485,WAYNE,(931) 722-5411,Emergency Department,REH_OP_18d,Average (median) time patients spent in the emergency department before being transferred to another facility. A lower number of minutes is better,245,173,3,10/01/2024,09/30/2025
670779,CROSBYTON CLINIC HOSPITAL,710 WEST MAIN STREET,CROSBYTON,TX,79322,CROSBY,(806) 675-2382,Emergency Department,REH_OP_18a,"Average (median) time all patients spent in the emergency department before leaving from the visit, including psychiatric/mental health patients and patients who were transferred to another facility. A lower number of minutes is better",81,1239,3,10/01/2024,09/30/2025
670779,CROSBYTON CLINIC HOSPITAL,710 WEST MAIN STREET,CROSBYTON,TX,79322,CROSBY,(806) 675-2382,Emergency Department,REH_OP_18b,"Average (median) time patients spent in the emergency department before leaving from the visit, excluding patients transferred to another facility or psychiatric care/mental health patients. A lower number of minutes is better",81,1220,3,10/01/2024,09/30/2025
670779,CROSBYTON CLINIC HOSPITAL,710 WEST MAIN STREET,CROSBYTON,TX,79322,CROSBY,(806) 675-2382,Emergency Department,REH_OP_18c,Average (median) time psychiatric/mental health patients spent in the emergency department before leaving from the visit. A lower number of minutes is better,79,19,3,10/01/2024,09/30/2025
670779,CROSBYTON CLINIC HOSPITAL,710 WEST MAIN STREET,CROSBYTON,TX,79322,CROSBY,(806) 675-2382,Emergency Department,REH_OP_18d,Average (median) time patients spent in the emergency department before being transferred to another facility. A lower number of minutes is better,Not Available,Not Available,"3, 7",10/01/2024,09/30/2025
670780,FALLS COMMUNITY HOSPITAL AND CLINIC,322 COLEMAN STREET,MARLIN,TX,76661,FALLS,(254) 803-3561,Emergency Department,REH_OP_18a,"Average (median) time all patients spent in the emergency department before leaving from the visit, including psychiatric/mental health patients and patients who were transferred to another facility. A lower number of minutes is better",110,150,3,10/01/2024,09/30/2025
670780,FALLS COMMUNITY HOSPITAL AND CLINIC,322 COLEMAN STREET,MARLIN,TX,76661,FALLS,(254) 803-3561,Emergency Department,REH_OP_18b,"Average (median) time patients spent in the emergency department before leaving from the visit, excluding patients transferred to another facility or psychiatric care/mental health patients. A lower number of minutes is better",100,140,3,10/01/2024,09/30/2025
670780,FALLS COMMUNITY HOSPITAL AND CLINIC,322 COLEMAN STREET,MARLIN,TX,76661,FALLS,(254) 803-3561,Emergency Department,REH_OP_18c,Average (median) time psychiatric/mental health patients spent in the emergency department before leaving from the visit. A lower number of minutes is better,Not Available,Not Available,"1, 3",10/01/2024,09/30/2025
670780,FALLS COMMUNITY HOSPITAL AND CLINIC,322 COLEMAN STREET,MARLIN,TX,76661,FALLS,(254) 803-3561,Emergency Department,REH_OP_18d,Average (median) time patients spent in the emergency department before being transferred to another facility. A lower number of minutes is better,Not Available,Not Available,"1, 3",10/01/2024,09/30/2025
670781,ANSON GENERAL HOSPITAL,101 AVENUE J,ANSON,TX,79501,JONES,(325) 823-3231,Emergency Department,REH_OP_18a,"Average (median) time all patients spent in the emergency department before leaving from the visit, including psychiatric/mental health patients and patients who were transferred to another facility. A lower number of minutes is better",64,364,,10/01/2024,09/30/2025
670781,ANSON GENERAL HOSPITAL,101 AVENUE J,ANSON,TX,79501,JONES,(325) 823-3231,Emergency Department,REH_OP_18b,"Average (median) time patients spent in the emergency department before leaving from the visit, excluding patients transferred to another facility or psychiatric care/mental health patients. A lower number of minutes is better",64,358,,10/01/2024,09/30/2025
670781,ANSON GENERAL HOSPITAL,101 AVENUE J,ANSON,TX,79501,JONES,(325) 823-3231,Emergency Department,REH_OP_18c,Average (median) time psychiatric/mental health patients spent in the emergency department before leaving from the visit. A lower number of minutes is better,Not Available,Not Available,1,10/01/2024,09/30/2025
670781,ANSON GENERAL HOSPITAL,101 AVENUE J,ANSON,TX,79501,JONES,(325) 823-3231,Emergency Department,REH_OP_18d,Average (median) time patients spent in the emergency department before being transferred to another facility. A lower number of minutes is better,Not Available,Not Available,1,10/01/2024,09/30/2025
670783,CHI ST LUKES HEALTH MEMORIAL SAN AUGUSTINE,511 HOSPITAL ST,SAN AUGUSTINE,TX,75972,SAN AUGUSTINE,(936) 275-3446,Emergency Department,REH_OP_18a,"Average (median) time all patients spent in the emergency department before leaving from the visit, including psychiatric/mental health patients and patients who were transferred to another facility. A lower number of minutes is better",76,289,3,10/01/2024,09/30/2025
670783,CHI ST LUKES HEALTH MEMORIAL SAN AUGUSTINE,511 HOSPITAL ST,SAN AUGUSTINE,TX,75972,SAN AUGUSTINE,(936) 275-3446,Emergency Department,REH_OP_18b,"Average (median) time patients spent in the emergency department before leaving from the visit, excluding patients transferred to another facility or psychiatric care/mental health patients. A lower number of minutes is better",73,265,3,10/01/2024,09/30/2025
670783,CHI ST LUKES HEALTH MEMORIAL SAN AUGUSTINE,511 HOSPITAL ST,SAN AUGUSTINE,TX,75972,SAN AUGUSTINE,(936) 275-3446,Emergency Department,REH_OP_18c,Average (median) time psychiatric/mental health patients spent in the emergency department before leaving from the visit. A lower number of minutes is better,Not Available,Not Available,"1, 3",10/01/2024,09/30/2025
670783,CHI ST LUKES HEALTH MEMORIAL SAN AUGUSTINE,511 HOSPITAL ST,SAN AUGUSTINE,TX,75972,SAN AUGUSTINE,(936) 275-3446,Emergency Department,REH_OP_18d,Average (median) time patients spent in the emergency department before being transferred to another facility. A lower number of minutes is better,276,19,3,10/01/2024,09/30/2025
