state,year,avg_asc_1_state_rate,median_asc_1_state_rate,avg_asc_2_state_rate,median_asc_2_state_rate,avg_asc_3_state_rate,median_asc_3_state_rate,avg_asc_4_state_rate,median_asc_4_state_rate,avg_asc_9_state_rate,median_asc_9_state_rate,avg_asc_11_state_rate,median_asc_11_state_rate,asc_12_better,asc_12_no_different,asc_12_worse,asc_12_too_small,avg_asc_13_state_rate,median_asc_13_state_rate,avg_asc_14_state_rate,median_asc_14_state_rate,asc_17_better,asc_17_no_different,asc_17_worse,asc_17_too_small,asc_18_better,asc_18_no_different,asc_18_worse,asc_18_too_small,asc_19_better,asc_19_no_different,asc_19_worse,asc_19_too_small
SC,2024,0.000,0.000,0.012,0.000,0.003,0.000,0.067,0.050,91.56,94.19,100.00,100.00,0,34,0,3,72.26,100.00,0.239,0.187,0,27,0,9,1,10,1,5,0,21,0,28
AZ,2024,0.002,0.000,0.013,0.000,0.007,0.000,0.094,0.067,63.94,85.18,100.00,100.00,0,54,0,6,95.76,100.00,0.222,0.173,0,61,2,49,0,17,1,17,0,47,1,76
LA,2024,0.001,0.000,0.021,0.008,0.004,0.000,0.085,0.055,92.04,93.29,100.00,100.00,0,28,0,3,96.55,100.00,0.352,0.180,0,25,0,20,0,2,0,7,0,19,0,31
MN,2024,0.001,0.000,0.020,0.000,0.003,0.000,0.103,0.062,95.23,96.49,N/A (5),N/A (5),0,22,0,6,95.81,99.63,0.234,0.159,0,30,2,24,0,9,0,9,0,18,0,44
NJ,2024,0.001,0.000,0.019,0.015,0.003,0.000,0.078,0.063,72.89,83.61,99.56,100.00,0,85,0,7,80.49,100.00,0.401,0.389,1,71,0,58,1,30,0,11,0,46,0,104
DC,2024,0.000,0.000,0.018,0.018,0.000,0.000,0.018,0.019,68.66,73.74,N/A (5),N/A (5),0,2,0,0,100.00,100.00,N/A (5),N/A (5),0,1,0,0,0,0,0,1,0,1,0,1
OR,2024,0.002,0.000,0.028,0.019,0.003,0.000,0.117,0.082,91.45,96.04,98.56,99.23,0,23,0,6,83.54,99.66,0.208,0.163,0,30,0,22,0,8,0,7,0,18,0,37
VA,2024,0.003,0.000,0.014,0.011,0.008,0.000,0.112,0.105,87.48,97.09,N/A (5),N/A (5),0,17,0,1,90.70,100.00,0.273,0.295,1,36,0,7,0,12,1,13,0,40,0,16
RI,2024,0.000,0.000,0.019,0.008,0.000,0.000,0.099,0.094,91.54,90.07,100.00,100.00,0,6,0,1,99.55,99.98,0.270,0.364,0,4,0,1,0,2,0,0,0,1,0,6
KY,2024,0.003,0.000,0.022,0.010,0.005,0.000,0.098,0.066,79.81,89.58,N/A (5),N/A (5),0,15,0,0,85.54,100.00,0.156,0.125,0,10,0,11,0,5,0,4,0,12,0,14
WY,2024,0.002,0.000,0.014,0.000,0.000,0.000,0.082,0.064,82.32,92.55,N/A (5),N/A (5),0,11,0,2,96.06,99.84,0.323,0.000,0,10,1,4,0,2,0,5,0,6,0,11
NH,2024,0.002,0.000,0.032,0.023,0.005,0.000,0.128,0.102,74.81,97.50,N/A (5),N/A (5),0,11,0,0,98.22,99.50,0.349,0.248,0,18,0,4,0,1,0,3,0,6,0,13
MI,2024,0.001,0.000,0.019,0.009,0.005,0.000,0.099,0.070,85.88,94.99,100.00,100.00,0,41,0,1,84.59,100.00,0.243,0.152,0,48,0,20,0,8,1,13,1,24,0,44
NV,2024,0.000,0.000,0.017,0.013,0.004,0.000,0.110,0.069,58.84,88.50,100.00,100.00,0,20,1,0,91.84,100.00,0.431,0.383,0,18,1,20,0,2,0,8,0,11,0,27
WI,2024,0.004,0.000,0.016,0.000,0.002,0.000,0.101,0.075,93.20,94.31,N/A (5),N/A (5),0,28,1,0,97.20,98.97,0.166,0.170,0,31,0,21,0,4,1,12,0,11,1,33
ID,2024,0.003,0.000,0.020,0.005,0.008,0.000,0.133,0.093,90.56,88.31,95.43,99.88,0,13,0,1,98.68,99.36,0.240,0.248,0,16,0,12,0,2,0,0,0,7,0,25
CA,2024,0.002,0.000,0.019,0.000,0.004,0.000,0.074,0.054,80.43,88.36,56.25,100.00,3,242,1,35,87.39,100.00,0.404,0.307,1,201,1,175,2,66,0,70,0,159,0,272
NE,2024,0.002,0.000,0.019,0.000,0.009,0.000,0.076,0.061,95.23,98.07,100.00,100.00,0,17,0,0,95.15,100.00,0.112,0.061,0,19,0,8,1,5,0,6,0,15,0,18
CT,2024,0.001,0.000,0.018,0.015,0.004,0.000,0.131,0.118,85.42,92.06,N/A (5),N/A (5),0,26,0,3,92.93,97.68,0.401,0.446,0,25,0,3,0,5,0,4,0,9,0,24
MT,2024,0.003,0.000,0.026,0.019,0.003,0.000,0.103,0.081,85.92,90.12,99.70,99.70,0,5,0,0,98.75,99.77,0.201,0.104,0,10,1,1,0,2,0,3,0,6,0,12
NC,2024,0.001,0.000,0.018,0.007,0.002,0.000,0.090,0.073,87.62,94.45,90.63,90.63,2,81,0,6,88.35,99.79,0.190,0.163,0,43,0,7,0,8,0,18,0,33,0,35
VT,2024,N/A (5),N/A (5),0.024,0.024,N/A (5),N/A (5),0.063,0.067,100.00,100.00,N/A (5),N/A (5),0,1,0,0,94.06,96.88,0.029,0.029,0,1,0,0,0,0,0,0,0,1,0,1
MD,2024,0.001,0.000,0.023,0.000,0.004,0.000,0.102,0.079,63.59,89.76,100.00,100.00,1,64,0,5,72.09,99.96,0.378,0.357,0,66,0,81,1,34,0,15,2,66,0,100
DE,2024,0.002,0.000,0.015,0.013,0.004,0.000,0.099,0.075,56.70,86.39,98.84,98.28,0,12,0,0,98.68,99.21,0.138,0.093,0,10,0,2,1,1,0,1,1,8,0,4
MO,2024,0.003,0.000,0.016,0.000,0.005,0.000,0.113,0.092,82.69,92.50,N/A (5),N/A (5),0,39,0,5,97.58,100.00,0.314,0.133,0,34,2,19,0,6,1,7,0,31,0,38
VI,2024,0.000,0.000,0.108,0.112,0.000,0.000,0.161,0.179,100.00,100.00,100.00,100.00,0,2,0,0,100.00,100.00,2.199,2.138,0,1,0,2,0,0,0,0,0,1,0,2
IL,2024,0.002,0.000,0.017,0.000,0.005,0.000,0.115,0.086,83.60,91.67,100.00,100.00,0,49,0,11,93.49,99.37,0.316,0.249,0,66,0,23,0,16,0,10,0,44,0,57
ME,2024,0.000,0.000,0.022,0.000,0.004,0.000,0.031,0.033,90.54,90.54,N/A (5),N/A (5),0,1,0,0,48.74,0.06,0.464,0.621,0,5,0,0,0,0,0,1,0,3,0,10
GU,2024,0.000,0.000,0.034,0.034,0.000,0.000,0.171,0.171,14.12,14.12,N/A (5),N/A (5),0,2,0,0,100.00,100.00,0.901,0.901,0,1,0,0,0,0,0,1,0,1,0,1
WA,2024,0.002,0.000,0.019,0.000,0.003,0.000,0.079,0.046,93.15,94.39,88.93,85.34,0,44,0,8,75.14,99.90,0.263,0.243,0,55,0,33,0,9,0,20,0,42,0,60
ND,2024,0.004,0.000,0.014,0.000,0.004,0.000,0.081,0.037,93.67,95.00,N/A (5),N/A (5),0,4,0,1,96.62,99.86,0.043,0.019,0,4,0,3,0,0,0,1,0,2,0,7
MS,2024,0.001,0.000,0.016,0.000,0.003,0.000,0.086,0.062,95.06,95.51,100.00,100.00,2,15,0,1,97.56,100.00,0.390,0.291,1,18,1,9,0,7,1,6,0,22,0,22
AL,2024,0.000,0.000,0.019,0.014,0.002,0.000,0.097,0.075,18.65,90.67,0.42,0.42,0,28,0,1,79.01,99.93,0.202,0.152,0,23,0,10,0,10,0,9,0,20,0,17
IN,2024,0.002,0.000,0.017,0.000,0.003,0.000,0.108,0.094,91.36,100.00,98.81,99.54,0,42,0,4,91.27,100.00,0.164,0.118,0,56,0,33,0,17,1,11,0,46,0,39
OH,2024,0.001,0.000,0.024,0.012,0.006,0.000,0.131,0.103,77.58,92.13,98.38,96.26,0,70,0,3,89.65,99.97,0.275,0.235,0,44,0,37,0,15,1,7,0,39,0,75
TN,2024,0.002,0.000,0.019,0.000,0.003,0.000,0.088,0.074,94.57,97.06,N/A (5),N/A (5),1,44,0,8,68.33,100.00,0.238,0.198,0,44,2,25,1,9,2,10,0,40,0,46
IA,2024,0.003,0.000,0.021,0.013,0.003,0.000,0.093,0.077,95.81,100.00,N/A (5),N/A (5),0,14,0,1,97.95,99.53,0.195,0.139,0,17,0,2,0,6,1,2,0,13,0,10
NM,2024,0.000,0.000,0.029,0.000,0.003,0.000,0.052,0.031,96.16,98.44,N/A (5),N/A (5),0,4,0,1,61.10,100.00,0.364,0.468,0,5,0,4,0,2,0,1,0,5,0,7
PA,2024,0.002,0.000,0.020,0.000,0.003,0.000,0.096,0.089,85.39,91.67,99.96,100.00,0,95,0,6,74.69,100.00,0.256,0.175,0,63,0,36,3,17,1,21,0,67,1,65
SD,2024,0.000,0.000,0.014,0.000,0.006,0.000,0.043,0.017,72.28,87.67,N/A (5),N/A (5),0,3,1,1,84.52,89.63,0.171,0.150,0,1,0,7,0,1,0,1,0,4,0,3
NY,2024,0.001,0.000,0.023,0.022,0.003,0.000,0.080,0.069,72.30,81.32,61.60,100.00,2,70,0,6,57.86,97.58,0.474,0.348,0,46,0,38,0,12,0,12,0,42,0,71
TX,2024,0.002,0.000,0.018,0.010,0.003,0.000,0.091,0.081,77.58,88.89,99.40,100.00,0,171,0,19,90.66,100.00,0.462,0.280,0,147,1,94,0,36,0,49,0,98,0,161
WV,2024,0.008,0.000,0.000,0.000,0.000,0.000,0.059,0.134,65.22,66.79,N/A (5),N/A (5),0,3,0,0,98.83,82.04,0.187,0.192,0,2,0,2,0,0,0,0,0,1,0,4
GA,2024,0.002,0.000,0.023,0.000,0.004,0.000,0.083,0.056,88.78,92.16,97.91,100.00,0,72,1,3,85.40,100.00,0.250,0.238,1,73,0,101,0,29,0,16,0,48,0,144
MA,2024,0.001,0.000,0.015,0.000,0.002,0.000,0.086,0.062,89.82,92.88,100.00,100.00,0,20,0,0,80.74,99.46,0.406,0.361,0,16,0,5,0,5,0,3,0,15,0,14
KS,2024,0.001,0.000,0.014,0.000,0.004,0.000,0.131,0.063,92.87,95.48,N/A (5),N/A (5),0,21,0,3,98.29,100.00,0.214,0.116,0,19,1,14,0,6,1,9,0,21,0,25
FL,2024,0.002,0.000,0.020,0.000,0.002,0.000,0.129,0.108,70.45,90.08,73.06,100.00,1,185,3,10,87.37,100.00,0.308,0.221,0,174,2,113,3,64,1,51,0,143,0,199
CO,2024,0.002,0.000,0.017,0.000,0.006,0.000,0.115,0.094,92.97,96.39,100.00,100.00,0,40,0,9,91.58,100.00,0.217,0.139,0,47,0,23,0,14,0,17,0,32,0,56
AK,2024,0.012,0.000,0.025,0.000,0.003,0.000,0.048,0.039,95.80,96.00,N/A (5),N/A (5),0,9,0,1,98.05,100.00,0.323,0.353,0,7,1,4,0,5,0,2,0,10,0,1
AR,2024,0.003,0.000,0.033,0.014,0.002,0.000,0.072,0.069,93.41,92.31,98.77,100.00,0,19,0,0,96.45,100.00,0.191,0.165,0,14,0,17,0,3,0,4,0,13,0,17
OK,2024,0.002,0.000,0.017,0.000,0.007,0.000,0.042,0.033,94.36,93.98,91.13,91.13,0,20,0,2,58.03,92.90,0.276,0.309,0,8,0,14,0,3,1,5,0,10,0,20
PR,2024,0.000,0.000,0.015,0.014,0.006,0.005,0.036,0.029,N/A (5),N/A (5),N/A (5),N/A (5),0,2,0,0,98.58,100.00,0.726,0.835,0,3,0,5,0,2,0,4,0,0,0,9
UT,2024,0.003,0.000,0.021,0.018,0.010,0.000,0.118,0.124,41.85,97.41,100.00,100.00,0,16,0,0,97.24,100.00,0.298,0.198,0,28,0,9,0,9,0,5,0,13,0,25
HI,2024,0.003,0.000,0.029,0.024,0.004,0.000,0.063,0.078,45.57,85.66,N/A (5),N/A (5),0,12,0,1,74.99,52.45,0.496,0.888,0,5,0,2,0,3,0,1,0,1,0,9
