measure_id,measure_name,condition,category,score,footnote,start_date,end_date
IMM_3,Healthcare workers given influenza vaccination Higher percentages are better,Healthcare Personnel Vaccination,Healthcare workers given influenza vaccination,78,,10/01/2024,03/31/2025
OP_18a,"Average (median) time all patients spent in the emergency department before leaving from the visit, including psychiatric/mental health patients and patients who were transferred to another facility. A lower number of minutes is better",Emergency Department,OP-18,168,,10/01/2024,09/30/2025
OP_18a_HIGH_MIN,"Average (median) time all patients spent in the emergency department before leaving from the visit, including psychiatric/mental health patients and patients who were transferred to another facility. A lower number of minutes is better (High)",Emergency Department,OP18 - Median time from emergency department arrival to emergency department departure for discharged emergency department patients,207,,10/01/2024,09/30/2025
OP_18a_LOW_MIN,"Average (median) time all patients spent in the emergency department before leaving from the visit, including psychiatric/mental health patients and patients who were transferred to another facility. A lower number of minutes is better (Low)",Emergency Department,OP18 - Median time from emergency department arrival to emergency department departure for discharged emergency department patients,130,,10/01/2024,09/30/2025
OP_18a_MEDIUM_MIN,"Average (median) time all patients spent in the emergency department before leaving from the visit, including psychiatric/mental health patients and patients who were transferred to another facility. A lower number of minutes is better (Moderate)",Emergency Department,OP18 - Median time from emergency department arrival to emergency department departure for discharged emergency department patients,170,,10/01/2024,09/30/2025
OP_18a_NINETIETH,"Top ten percent time all patients spent in the emergency department before leaving from the visit, including psychiatric/mental health patients and patients who were transferred to another facility. A lower number of minutes is better",Emergency Department,OP18 - Median time from emergency department arrival to emergency department departure for discharged emergency department patients,105,,10/01/2024,09/30/2025
OP_18a_VERY_HIGH_MIN,"Average (median) time all patients spent in the emergency department before leaving from the visit, including psychiatric/mental health patients and patients who were transferred to another facility. A lower number of minutes is better (Very High)",Emergency Department,OP18 - Median time from emergency department arrival to emergency department departure for discharged emergency department patients,205,,10/01/2024,09/30/2025
OP_18b,"Average (median) time patients spent in the emergency department before leaving from the visit, excluding patients transferred to another facility or psychiatric care/mental health patients. A lower number of minutes is better",Emergency Department,OP-18,162,"25, 26",10/01/2024,09/30/2025
OP_18b_HIGH_MIN,"Average (median) time patients spent in the emergency department before leaving from the visit, excluding patients transferred to another facility or psychiatric care/mental health patients. A lower number of minutes is better (High)",Emergency Department,OP18 - Median time from emergency department arrival to emergency department departure for discharged emergency department patients,202,"25, 26",10/01/2024,09/30/2025
OP_18b_LOW_MIN,"Average (median) time patients spent in the emergency department before leaving from the visit, excluding patients transferred to another facility or psychiatric care/mental health patients. A lower number of minutes is better (Low)",Emergency Department,OP18 - Median time from emergency department arrival to emergency department departure for discharged emergency department patients,123,"25, 26",10/01/2024,09/30/2025
OP_18b_MEDIUM_MIN,"Average (median) time patients spent in the emergency department before leaving from the visit, excluding patients transferred to another facility or psychiatric care/mental health patients. A lower number of minutes is better (Moderate)",Emergency Department,OP18 - Median time from emergency department arrival to emergency department departure for discharged emergency department patients,165,"25, 26",10/01/2024,09/30/2025
OP_18b_NINETIETH,"Top ten percent time patients spent in the emergency department before leaving from the visit, excluding patients transferred to another facility or psychiatric care/mental health patients. A lower number of minutes is better",Emergency Department,OP18 - Median time from emergency department arrival to emergency department departure for discharged emergency department patients,100,"25, 26",10/01/2024,09/30/2025
OP_18b_VERY_HIGH_MIN,"Average (median) time patients spent in the emergency department before leaving from the visit, excluding patients transferred to another facility or psychiatric care/mental health patients. A lower number of minutes is better (Very High)",Emergency Department,OP18 - Median time from emergency department arrival to emergency department departure for discharged emergency department patients,201,"25, 26",10/01/2024,09/30/2025
OP_18c,Average (median) time psychiatric/mental health patients spent in the emergency department before leaving from the visit. A lower number of minutes is better,Emergency Department,OP-18,257,25,10/01/2024,09/30/2025
OP_18c_HIGH_MIN,Average (median) time psychiatric/mental health patients spent in the emergency department before leaving from the visit. A lower number of minutes is better (High),Emergency Department,OP18 - Median time from emergency department arrival to emergency department departure for discharged emergency department patients,305,25,10/01/2024,09/30/2025
OP_18c_LOW_MIN,Average (median) time psychiatric/mental health patients spent in the emergency department before leaving from the visit. A lower number of minutes is better (Low),Emergency Department,OP18 - Median time from emergency department arrival to emergency department departure for discharged emergency department patients,195,25,10/01/2024,09/30/2025
OP_18c_MEDIUM_MIN,Average (median) time psychiatric/mental health patients spent in the emergency department before leaving from the visit. A lower number of minutes is better (Moderate),Emergency Department,OP18 - Median time from emergency department arrival to emergency department departure for discharged emergency department patients,253,25,10/01/2024,09/30/2025
OP_18c_NINETIETH,Top ten percent time psychiatric/mental health patients spent in the emergency department before leaving from the visit. A lower number of minutes is better,Emergency Department,OP18 - Median time from emergency department arrival to emergency department departure for discharged emergency department patients,129,25,10/01/2024,09/30/2025
OP_18c_VERY_HIGH_MIN,Average (median) time psychiatric/mental health patients spent in the emergency department before leaving from the visit. A lower number of minutes is better (Very High),Emergency Department,OP18 - Median time from emergency department arrival to emergency department departure for discharged emergency department patients,308,25,10/01/2024,09/30/2025
OP_18d,Average (median) time patients spent in the emergency department before being transferred to another facility. A lower number of minutes is better,Emergency Department,OP-18,287,,10/01/2024,09/30/2025
OP_18d_HIGH_MIN,Average (median) time patients spent in the emergency department before being transferred to another facility. A lower number of minutes is better (High),Emergency Department,OP18 - Median time from emergency department arrival to emergency department departure for discharged emergency department patients,338,,10/01/2024,09/30/2025
OP_18d_LOW_MIN,Average (median) time patients spent in the emergency department before being transferred to another facility. A lower number of minutes is better (Low),Emergency Department,OP18 - Median time from emergency department arrival to emergency department departure for discharged emergency department patients,264,,10/01/2024,09/30/2025
OP_18d_MEDIUM_MIN,Average (median) time patients spent in the emergency department before being transferred to another facility. A lower number of minutes is better (Moderate),Emergency Department,OP18 - Median time from emergency department arrival to emergency department departure for discharged emergency department patients,334,,10/01/2024,09/30/2025
OP_18d_NINETIETH,Top ten percent time patients spent in the emergency department before being transferred to another facility. A lower number of minutes is better,Emergency Department,OP18 - Median time from emergency department arrival to emergency department departure for discharged emergency department patients,187,,10/01/2024,09/30/2025
OP_18d_VERY_HIGH_MIN,Average (median) time patients spent in the emergency department before being transferred to another facility. A lower number of minutes is better (Very High),Emergency Department,OP18 - Median time from emergency department arrival to emergency department departure for discharged emergency department patients,363,,10/01/2024,09/30/2025
OP_22,Percentage of patients who left the emergency department before being seen Lower percentages are better,Emergency Department,Left before being seen,2,"25, 26",01/01/2024,12/31/2024
OP_22_NINETIETH,Top ten percent patients who left the emergency department before being seen Lower percentages are better,Emergency Department,Left before being seen,0,"25, 26",01/01/2024,12/31/2024
OP_23,Percentage of patients who came to the emergency department with stroke symptoms who received brain scan results within 45 minutes of arrival Higher percentages are better,Emergency Department,Head CT results,69,25,10/01/2024,09/30/2025
OP_23_NINETIETH,Top ten percent patients who came to the emergency department with stroke symptoms who received brain scan results within 45 minutes of arrival Higher percentages are better,Emergency Department,Head CT results,100,25,10/01/2024,09/30/2025
OP_29,Percentage of patients receiving appropriate recommendation for follow-up screening colonoscopy Higher percentages are better,Colonoscopy care,Endoscopy/polyp surveillance: appropriate follow-up interval for normal colonoscopy in average risk patients,93,"25, 26",01/01/2024,12/31/2024
OP_29_NINETIETH,Top ten percent patients receiving appropriate recommendation for follow-up screening colonoscopy Higher percentages are better,Colonoscopy care,Endoscopy/polyp surveillance: appropriate follow-up interval for normal colonoscopy in average risk patients,100,"25, 26",01/01/2024,12/31/2024
OP_31,Percentage of patients who had cataract surgery and had improvement in visual function within 90 days following the surgery Higher percentages are better,Cataract surgery outcome,Improvement in Patient's Visual Function within 90 Days Following Cataract Surgery,97,,01/01/2024,12/31/2024
OP_31_NINETIETH,Top ten percent patients who had cataract surgery and had improvement in visual function within 90 days following the surgery Higher percentages are better,Cataract surgery outcome,Improvement in Patient's Visual Function within 90 Days Following Cataract Surgery,100,,01/01/2024,12/31/2024
SAFE_USE_OF_OPIOIDS,"Proportion of inpatient hospitalizations for patients 18 years of age and older prescribed, or continued on, two or more opioids or an opioid and benzodiazepine concurrently at discharge. Lower percentages are better",Electronic Clinical Quality Measure,Safe Use of Opioids - Concurrent Prescribing,15,,01/01/2024,12/31/2024
SAFE_USE_OF_OPIOIDS_NINETIETH,"Top ten proportion of inpatient hospitalizations for patients 18 years of age and older prescribed, or continued on, two or more opioids or an opioid and benzodiazepine concurrently at discharge. Lower percentages are better",Electronic Clinical Quality Measure,Safe Use of Opioids - Concurrent Prescribing,8,,01/01/2024,12/31/2024
SEP_1,Percentage of patients who received appropriate care for severe sepsis and septic shock. Higher percentages are better,Sepsis Care,Appropriate care for severe sepsis and septic shock,65,"25, 26",10/01/2024,09/30/2025
SEP_1_NINETIETH,Top ten percent patients who received appropriate care for severe sepsis and septic shock. Higher percentages are better,Sepsis Care,Appropriate care for severe sepsis and septic shock,83,"25, 26",10/01/2024,09/30/2025
SEP_SH_3HR,Septic Shock 3-Hour Bundle,Sepsis Care,Appropriate care for severe sepsis and septic shock,73,"25, 26",10/01/2024,09/30/2025
SEP_SH_3HR_NINETIETH,Top Ten Percent Septic Shock 3-Hour Bundle,Sepsis Care,Appropriate care for severe sepsis and septic shock,96,"25, 26",10/01/2024,09/30/2025
SEP_SH_6HR,Septic Shock 6-Hour Bundle,Sepsis Care,Appropriate care for severe sepsis and septic shock,87,"25, 26",10/01/2024,09/30/2025
SEP_SH_6HR_NINETIETH,Top Ten Percent Septic Shock 6-Hour Bundle,Sepsis Care,Appropriate care for severe sepsis and septic shock,100,"25, 26",10/01/2024,09/30/2025
SEV_SEP_3HR,Severe Sepsis 3-Hour Bundle,Sepsis Care,Appropriate care for severe sepsis and septic shock,81,"25, 26",10/01/2024,09/30/2025
SEV_SEP_3HR_NINETIETH,Top Ten Percent Severe Sepsis 3-Hour Bundle,Sepsis Care,Appropriate care for severe sepsis and septic shock,93,"25, 26",10/01/2024,09/30/2025
SEV_SEP_6HR,Severe Sepsis 6-Hour Bundle,Sepsis Care,Appropriate care for severe sepsis and septic shock,93,"25, 26",10/01/2024,09/30/2025
SEV_SEP_6HR_NINETIETH,Top Ten Percent Severe Sepsis 6-Hour Bundle,Sepsis Care,Appropriate care for severe sepsis and septic shock,100,"25, 26",10/01/2024,09/30/2025
