facility_id,facility_name,hospital_type,address,city_town,state,zip_code,county_parish,measure_id,measure_name,score,footnote,start_date,end_date
050146,CITY OF HOPE HELFORD CLINICAL RESEARCH HOSPITAL,Acute Care Hospitals,1500 E DUARTE ROAD,DUARTE,CA,91010,LOS ANGELES,PCH_26_DOPC,Clostridium Difficile (C.Diff): Patient Days,76205,,10/01/2024,09/30/2025
050146,CITY OF HOPE HELFORD CLINICAL RESEARCH HOSPITAL,Acute Care Hospitals,1500 E DUARTE ROAD,DUARTE,CA,91010,LOS ANGELES,PCH_26_ELIGCASES,Clostridium Difficile (C.Diff): Predicted Cases,82.724,,10/01/2024,09/30/2025
050146,CITY OF HOPE HELFORD CLINICAL RESEARCH HOSPITAL,Acute Care Hospitals,1500 E DUARTE ROAD,DUARTE,CA,91010,LOS ANGELES,PCH_26_NUMERATOR,Clostridium Difficile (C.Diff): Actual Infections,65,,10/01/2024,09/30/2025
050146,CITY OF HOPE HELFORD CLINICAL RESEARCH HOSPITAL,Acute Care Hospitals,1500 E DUARTE ROAD,DUARTE,CA,91010,LOS ANGELES,PCH_26_SIR,Clostridium Difficile (C.Diff): SIR,0.786,,10/01/2024,09/30/2025
050146,CITY OF HOPE HELFORD CLINICAL RESEARCH HOSPITAL,Acute Care Hospitals,1500 E DUARTE ROAD,DUARTE,CA,91010,LOS ANGELES,PCH_27_DOPC,MRSA Bacteremia: Patient Days,76205,,10/01/2024,09/30/2025
050146,CITY OF HOPE HELFORD CLINICAL RESEARCH HOSPITAL,Acute Care Hospitals,1500 E DUARTE ROAD,DUARTE,CA,91010,LOS ANGELES,PCH_27_ELIGCASES,MRSA Bacteremia: Predicted Cases,5.985,,10/01/2024,09/30/2025
050146,CITY OF HOPE HELFORD CLINICAL RESEARCH HOSPITAL,Acute Care Hospitals,1500 E DUARTE ROAD,DUARTE,CA,91010,LOS ANGELES,PCH_27_NUMERATOR,MRSA Bacteremia: Actual Infections,4,,10/01/2024,09/30/2025
050146,CITY OF HOPE HELFORD CLINICAL RESEARCH HOSPITAL,Acute Care Hospitals,1500 E DUARTE ROAD,DUARTE,CA,91010,LOS ANGELES,PCH_27_SIR,MRSA Bacteremia: SIR,0.668,,10/01/2024,09/30/2025
050146,CITY OF HOPE HELFORD CLINICAL RESEARCH HOSPITAL,Acute Care Hospitals,1500 E DUARTE ROAD,DUARTE,CA,91010,LOS ANGELES,PCH_28_FAC_ADHPCT,Influenza Vaccination Coverage among Healthcare Personnel: Adherence Rate,91,,10/01/2024,03/31/2025
050146,CITY OF HOPE HELFORD CLINICAL RESEARCH HOSPITAL,Acute Care Hospitals,1500 E DUARTE ROAD,DUARTE,CA,91010,LOS ANGELES,PCH_28_FAC_DEN,Influenza Vaccination Coverage among Healthcare Personnel: Denominator,7143,,10/01/2024,03/31/2025
050146,CITY OF HOPE HELFORD CLINICAL RESEARCH HOSPITAL,Acute Care Hospitals,1500 E DUARTE ROAD,DUARTE,CA,91010,LOS ANGELES,PCH_38_FAC_ADHPCT,Percentage of healthcare personnel who are up to date with COVID-19 vaccinations: Adherence Rate,26.2,,07/01/2025,09/30/2025
050146,CITY OF HOPE HELFORD CLINICAL RESEARCH HOSPITAL,Acute Care Hospitals,1500 E DUARTE ROAD,DUARTE,CA,91010,LOS ANGELES,PCH_38_FAC_DEN,Percentage of healthcare personnel who are up to date with COVID-19 vaccinations: Denominator,8735,,07/01/2025,09/30/2025
050146,CITY OF HOPE HELFORD CLINICAL RESEARCH HOSPITAL,Acute Care Hospitals,1500 E DUARTE ROAD,DUARTE,CA,91010,LOS ANGELES,PCH_4_DOPC,Central Line-Associated Bloodstream Infection (CLABSI): Number of Procedures,57296,,10/01/2024,09/30/2025
050146,CITY OF HOPE HELFORD CLINICAL RESEARCH HOSPITAL,Acute Care Hospitals,1500 E DUARTE ROAD,DUARTE,CA,91010,LOS ANGELES,PCH_4_ELIGCASES,Central Line-Associated Bloodstream Infection (CLABSI): Predicted Cases,56.200,,10/01/2024,09/30/2025
050146,CITY OF HOPE HELFORD CLINICAL RESEARCH HOSPITAL,Acute Care Hospitals,1500 E DUARTE ROAD,DUARTE,CA,91010,LOS ANGELES,PCH_4_NUMERATOR,Central Line-Associated Bloodstream Infection (CLABSI): Actual Infections,78,,10/01/2024,09/30/2025
050146,CITY OF HOPE HELFORD CLINICAL RESEARCH HOSPITAL,Acute Care Hospitals,1500 E DUARTE ROAD,DUARTE,CA,91010,LOS ANGELES,PCH_4_SIR,Central Line-Associated Bloodstream Infection (CLABSI): SIR,1.388,,10/01/2024,09/30/2025
050146,CITY OF HOPE HELFORD CLINICAL RESEARCH HOSPITAL,Acute Care Hospitals,1500 E DUARTE ROAD,DUARTE,CA,91010,LOS ANGELES,PCH_5_DOPC,Catheter-Associated Urinary Tract Infections (CAUTI): Number of Procedures,11562,,10/01/2024,09/30/2025
050146,CITY OF HOPE HELFORD CLINICAL RESEARCH HOSPITAL,Acute Care Hospitals,1500 E DUARTE ROAD,DUARTE,CA,91010,LOS ANGELES,PCH_5_ELIGCASES,Catheter-Associated Urinary Tract Infections (CAUTI): Predicted Cases,12.914,,10/01/2024,09/30/2025
050146,CITY OF HOPE HELFORD CLINICAL RESEARCH HOSPITAL,Acute Care Hospitals,1500 E DUARTE ROAD,DUARTE,CA,91010,LOS ANGELES,PCH_5_NUMERATOR,Catheter-Associated Urinary Tract Infections (CAUTI): Actual Infections,2,,10/01/2024,09/30/2025
050146,CITY OF HOPE HELFORD CLINICAL RESEARCH HOSPITAL,Acute Care Hospitals,1500 E DUARTE ROAD,DUARTE,CA,91010,LOS ANGELES,PCH_5_SIR,Catheter-Associated Urinary Tract Infections (CAUTI): SIR,0.155,,10/01/2024,09/30/2025
050146,CITY OF HOPE HELFORD CLINICAL RESEARCH HOSPITAL,Acute Care Hospitals,1500 E DUARTE ROAD,DUARTE,CA,91010,LOS ANGELES,PCH_6_DOPC,SSI - Colon Surgery: Number of Procedures,440,,10/01/2024,09/30/2025
050146,CITY OF HOPE HELFORD CLINICAL RESEARCH HOSPITAL,Acute Care Hospitals,1500 E DUARTE ROAD,DUARTE,CA,91010,LOS ANGELES,PCH_6_ELIGCASES,SSI - Colon Surgery: Predicted Cases,21.194,,10/01/2024,09/30/2025
050146,CITY OF HOPE HELFORD CLINICAL RESEARCH HOSPITAL,Acute Care Hospitals,1500 E DUARTE ROAD,DUARTE,CA,91010,LOS ANGELES,PCH_6_NUMERATOR,SSI - Colon Surgery: Actual Infections,18,,10/01/2024,09/30/2025
050146,CITY OF HOPE HELFORD CLINICAL RESEARCH HOSPITAL,Acute Care Hospitals,1500 E DUARTE ROAD,DUARTE,CA,91010,LOS ANGELES,PCH_6_SIR,SSI - Colon Surgery: SIR,0.849,,10/01/2024,09/30/2025
050146,CITY OF HOPE HELFORD CLINICAL RESEARCH HOSPITAL,Acute Care Hospitals,1500 E DUARTE ROAD,DUARTE,CA,91010,LOS ANGELES,PCH_7_DOPC,SSI - Abdominal Hysterectomy: Number of Procedures,260,,10/01/2024,09/30/2025
050146,CITY OF HOPE HELFORD CLINICAL RESEARCH HOSPITAL,Acute Care Hospitals,1500 E DUARTE ROAD,DUARTE,CA,91010,LOS ANGELES,PCH_7_ELIGCASES,SSI - Abdominal Hysterectomy: Predicted Cases,3.818,,10/01/2024,09/30/2025
050146,CITY OF HOPE HELFORD CLINICAL RESEARCH HOSPITAL,Acute Care Hospitals,1500 E DUARTE ROAD,DUARTE,CA,91010,LOS ANGELES,PCH_7_NUMERATOR,SSI - Abdominal Hysterectomy: Actual Infections,2,,10/01/2024,09/30/2025
050146,CITY OF HOPE HELFORD CLINICAL RESEARCH HOSPITAL,Acute Care Hospitals,1500 E DUARTE ROAD,DUARTE,CA,91010,LOS ANGELES,PCH_7_SIR,SSI - Abdominal Hysterectomy: SIR,0.524,,10/01/2024,09/30/2025
050660,USC KENNETH NORRIS JR CANCER HOSPITAL,Acute Care Hospitals,1441 EASTLAKE AVE,LOS ANGELES,CA,90089,LOS ANGELES,PCH_26_DOPC,Clostridium Difficile (C.Diff): Patient Days,17516,,10/01/2024,09/30/2025
050660,USC KENNETH NORRIS JR CANCER HOSPITAL,Acute Care Hospitals,1441 EASTLAKE AVE,LOS ANGELES,CA,90089,LOS ANGELES,PCH_26_ELIGCASES,Clostridium Difficile (C.Diff): Predicted Cases,22.534,,10/01/2024,09/30/2025
050660,USC KENNETH NORRIS JR CANCER HOSPITAL,Acute Care Hospitals,1441 EASTLAKE AVE,LOS ANGELES,CA,90089,LOS ANGELES,PCH_26_NUMERATOR,Clostridium Difficile (C.Diff): Actual Infections,11,,10/01/2024,09/30/2025
050660,USC KENNETH NORRIS JR CANCER HOSPITAL,Acute Care Hospitals,1441 EASTLAKE AVE,LOS ANGELES,CA,90089,LOS ANGELES,PCH_26_SIR,Clostridium Difficile (C.Diff): SIR,0.488,,10/01/2024,09/30/2025
050660,USC KENNETH NORRIS JR CANCER HOSPITAL,Acute Care Hospitals,1441 EASTLAKE AVE,LOS ANGELES,CA,90089,LOS ANGELES,PCH_27_DOPC,MRSA Bacteremia: Patient Days,17516,,10/01/2024,09/30/2025
050660,USC KENNETH NORRIS JR CANCER HOSPITAL,Acute Care Hospitals,1441 EASTLAKE AVE,LOS ANGELES,CA,90089,LOS ANGELES,PCH_27_ELIGCASES,MRSA Bacteremia: Predicted Cases,1.810,,10/01/2024,09/30/2025
050660,USC KENNETH NORRIS JR CANCER HOSPITAL,Acute Care Hospitals,1441 EASTLAKE AVE,LOS ANGELES,CA,90089,LOS ANGELES,PCH_27_NUMERATOR,MRSA Bacteremia: Actual Infections,3,,10/01/2024,09/30/2025
050660,USC KENNETH NORRIS JR CANCER HOSPITAL,Acute Care Hospitals,1441 EASTLAKE AVE,LOS ANGELES,CA,90089,LOS ANGELES,PCH_27_SIR,MRSA Bacteremia: SIR,1.657,,10/01/2024,09/30/2025
050660,USC KENNETH NORRIS JR CANCER HOSPITAL,Acute Care Hospitals,1441 EASTLAKE AVE,LOS ANGELES,CA,90089,LOS ANGELES,PCH_28_FAC_ADHPCT,Influenza Vaccination Coverage among Healthcare Personnel: Adherence Rate,88,,10/01/2024,03/31/2025
050660,USC KENNETH NORRIS JR CANCER HOSPITAL,Acute Care Hospitals,1441 EASTLAKE AVE,LOS ANGELES,CA,90089,LOS ANGELES,PCH_28_FAC_DEN,Influenza Vaccination Coverage among Healthcare Personnel: Denominator,3106,,10/01/2024,03/31/2025
050660,USC KENNETH NORRIS JR CANCER HOSPITAL,Acute Care Hospitals,1441 EASTLAKE AVE,LOS ANGELES,CA,90089,LOS ANGELES,PCH_38_FAC_ADHPCT,Percentage of healthcare personnel who are up to date with COVID-19 vaccinations: Adherence Rate,40.6,,07/01/2025,09/30/2025
050660,USC KENNETH NORRIS JR CANCER HOSPITAL,Acute Care Hospitals,1441 EASTLAKE AVE,LOS ANGELES,CA,90089,LOS ANGELES,PCH_38_FAC_DEN,Percentage of healthcare personnel who are up to date with COVID-19 vaccinations: Denominator,2983,,07/01/2025,09/30/2025
050660,USC KENNETH NORRIS JR CANCER HOSPITAL,Acute Care Hospitals,1441 EASTLAKE AVE,LOS ANGELES,CA,90089,LOS ANGELES,PCH_4_DOPC,Central Line-Associated Bloodstream Infection (CLABSI): Number of Procedures,12151,,10/01/2024,09/30/2025
050660,USC KENNETH NORRIS JR CANCER HOSPITAL,Acute Care Hospitals,1441 EASTLAKE AVE,LOS ANGELES,CA,90089,LOS ANGELES,PCH_4_ELIGCASES,Central Line-Associated Bloodstream Infection (CLABSI): Predicted Cases,11.026,,10/01/2024,09/30/2025
050660,USC KENNETH NORRIS JR CANCER HOSPITAL,Acute Care Hospitals,1441 EASTLAKE AVE,LOS ANGELES,CA,90089,LOS ANGELES,PCH_4_NUMERATOR,Central Line-Associated Bloodstream Infection (CLABSI): Actual Infections,16,,10/01/2024,09/30/2025
050660,USC KENNETH NORRIS JR CANCER HOSPITAL,Acute Care Hospitals,1441 EASTLAKE AVE,LOS ANGELES,CA,90089,LOS ANGELES,PCH_4_SIR,Central Line-Associated Bloodstream Infection (CLABSI): SIR,1.451,,10/01/2024,09/30/2025
050660,USC KENNETH NORRIS JR CANCER HOSPITAL,Acute Care Hospitals,1441 EASTLAKE AVE,LOS ANGELES,CA,90089,LOS ANGELES,PCH_5_DOPC,Catheter-Associated Urinary Tract Infections (CAUTI): Number of Procedures,2212,,10/01/2024,09/30/2025
050660,USC KENNETH NORRIS JR CANCER HOSPITAL,Acute Care Hospitals,1441 EASTLAKE AVE,LOS ANGELES,CA,90089,LOS ANGELES,PCH_5_ELIGCASES,Catheter-Associated Urinary Tract Infections (CAUTI): Predicted Cases,1.919,,10/01/2024,09/30/2025
050660,USC KENNETH NORRIS JR CANCER HOSPITAL,Acute Care Hospitals,1441 EASTLAKE AVE,LOS ANGELES,CA,90089,LOS ANGELES,PCH_5_NUMERATOR,Catheter-Associated Urinary Tract Infections (CAUTI): Actual Infections,1,,10/01/2024,09/30/2025
050660,USC KENNETH NORRIS JR CANCER HOSPITAL,Acute Care Hospitals,1441 EASTLAKE AVE,LOS ANGELES,CA,90089,LOS ANGELES,PCH_5_SIR,Catheter-Associated Urinary Tract Infections (CAUTI): SIR,0.521,,10/01/2024,09/30/2025
050660,USC KENNETH NORRIS JR CANCER HOSPITAL,Acute Care Hospitals,1441 EASTLAKE AVE,LOS ANGELES,CA,90089,LOS ANGELES,PCH_6_DOPC,SSI - Colon Surgery: Number of Procedures,Not Available,12,10/01/2024,09/30/2025
050660,USC KENNETH NORRIS JR CANCER HOSPITAL,Acute Care Hospitals,1441 EASTLAKE AVE,LOS ANGELES,CA,90089,LOS ANGELES,PCH_6_ELIGCASES,SSI - Colon Surgery: Predicted Cases,Not Available,12,10/01/2024,09/30/2025
050660,USC KENNETH NORRIS JR CANCER HOSPITAL,Acute Care Hospitals,1441 EASTLAKE AVE,LOS ANGELES,CA,90089,LOS ANGELES,PCH_6_NUMERATOR,SSI - Colon Surgery: Actual Infections,Not Available,12,10/01/2024,09/30/2025
050660,USC KENNETH NORRIS JR CANCER HOSPITAL,Acute Care Hospitals,1441 EASTLAKE AVE,LOS ANGELES,CA,90089,LOS ANGELES,PCH_6_SIR,SSI - Colon Surgery: SIR,Not Available,12,10/01/2024,09/30/2025
050660,USC KENNETH NORRIS JR CANCER HOSPITAL,Acute Care Hospitals,1441 EASTLAKE AVE,LOS ANGELES,CA,90089,LOS ANGELES,PCH_7_DOPC,SSI - Abdominal Hysterectomy: Number of Procedures,2,13,10/01/2024,09/30/2025
050660,USC KENNETH NORRIS JR CANCER HOSPITAL,Acute Care Hospitals,1441 EASTLAKE AVE,LOS ANGELES,CA,90089,LOS ANGELES,PCH_7_ELIGCASES,SSI - Abdominal Hysterectomy: Predicted Cases,0.030,13,10/01/2024,09/30/2025
050660,USC KENNETH NORRIS JR CANCER HOSPITAL,Acute Care Hospitals,1441 EASTLAKE AVE,LOS ANGELES,CA,90089,LOS ANGELES,PCH_7_NUMERATOR,SSI - Abdominal Hysterectomy: Actual Infections,0,13,10/01/2024,09/30/2025
050660,USC KENNETH NORRIS JR CANCER HOSPITAL,Acute Care Hospitals,1441 EASTLAKE AVE,LOS ANGELES,CA,90089,LOS ANGELES,PCH_7_SIR,SSI - Abdominal Hysterectomy: SIR,Not Available,13,10/01/2024,09/30/2025
100079,UNIV OF MIAMI HOSPITAL AND CLINICS-SYLVESTER COMPR,Acute Care Hospitals,1475 NW 12TH AVE,MIAMI,FL,33136,MIAMI-DADE,PCH_26_DOPC,Clostridium Difficile (C.Diff): Patient Days,7957,,10/01/2024,09/30/2025
100079,UNIV OF MIAMI HOSPITAL AND CLINICS-SYLVESTER COMPR,Acute Care Hospitals,1475 NW 12TH AVE,MIAMI,FL,33136,MIAMI-DADE,PCH_26_ELIGCASES,Clostridium Difficile (C.Diff): Predicted Cases,6.630,,10/01/2024,09/30/2025
100079,UNIV OF MIAMI HOSPITAL AND CLINICS-SYLVESTER COMPR,Acute Care Hospitals,1475 NW 12TH AVE,MIAMI,FL,33136,MIAMI-DADE,PCH_26_NUMERATOR,Clostridium Difficile (C.Diff): Actual Infections,5,,10/01/2024,09/30/2025
100079,UNIV OF MIAMI HOSPITAL AND CLINICS-SYLVESTER COMPR,Acute Care Hospitals,1475 NW 12TH AVE,MIAMI,FL,33136,MIAMI-DADE,PCH_26_SIR,Clostridium Difficile (C.Diff): SIR,0.754,,10/01/2024,09/30/2025
100079,UNIV OF MIAMI HOSPITAL AND CLINICS-SYLVESTER COMPR,Acute Care Hospitals,1475 NW 12TH AVE,MIAMI,FL,33136,MIAMI-DADE,PCH_27_DOPC,MRSA Bacteremia: Patient Days,7957,13,10/01/2024,09/30/2025
100079,UNIV OF MIAMI HOSPITAL AND CLINICS-SYLVESTER COMPR,Acute Care Hospitals,1475 NW 12TH AVE,MIAMI,FL,33136,MIAMI-DADE,PCH_27_ELIGCASES,MRSA Bacteremia: Predicted Cases,0.822,13,10/01/2024,09/30/2025
100079,UNIV OF MIAMI HOSPITAL AND CLINICS-SYLVESTER COMPR,Acute Care Hospitals,1475 NW 12TH AVE,MIAMI,FL,33136,MIAMI-DADE,PCH_27_NUMERATOR,MRSA Bacteremia: Actual Infections,3,13,10/01/2024,09/30/2025
100079,UNIV OF MIAMI HOSPITAL AND CLINICS-SYLVESTER COMPR,Acute Care Hospitals,1475 NW 12TH AVE,MIAMI,FL,33136,MIAMI-DADE,PCH_27_SIR,MRSA Bacteremia: SIR,Not Available,13,10/01/2024,09/30/2025
100079,UNIV OF MIAMI HOSPITAL AND CLINICS-SYLVESTER COMPR,Acute Care Hospitals,1475 NW 12TH AVE,MIAMI,FL,33136,MIAMI-DADE,PCH_28_FAC_ADHPCT,Influenza Vaccination Coverage among Healthcare Personnel: Adherence Rate,35,,10/01/2024,03/31/2025
100079,UNIV OF MIAMI HOSPITAL AND CLINICS-SYLVESTER COMPR,Acute Care Hospitals,1475 NW 12TH AVE,MIAMI,FL,33136,MIAMI-DADE,PCH_28_FAC_DEN,Influenza Vaccination Coverage among Healthcare Personnel: Denominator,8555,,10/01/2024,03/31/2025
100079,UNIV OF MIAMI HOSPITAL AND CLINICS-SYLVESTER COMPR,Acute Care Hospitals,1475 NW 12TH AVE,MIAMI,FL,33136,MIAMI-DADE,PCH_38_FAC_ADHPCT,Percentage of healthcare personnel who are up to date with COVID-19 vaccinations: Adherence Rate,0,,07/01/2025,09/30/2025
100079,UNIV OF MIAMI HOSPITAL AND CLINICS-SYLVESTER COMPR,Acute Care Hospitals,1475 NW 12TH AVE,MIAMI,FL,33136,MIAMI-DADE,PCH_38_FAC_DEN,Percentage of healthcare personnel who are up to date with COVID-19 vaccinations: Denominator,9139,,07/01/2025,09/30/2025
100079,UNIV OF MIAMI HOSPITAL AND CLINICS-SYLVESTER COMPR,Acute Care Hospitals,1475 NW 12TH AVE,MIAMI,FL,33136,MIAMI-DADE,PCH_4_DOPC,Central Line-Associated Bloodstream Infection (CLABSI): Number of Procedures,7586,,10/01/2024,09/30/2025
100079,UNIV OF MIAMI HOSPITAL AND CLINICS-SYLVESTER COMPR,Acute Care Hospitals,1475 NW 12TH AVE,MIAMI,FL,33136,MIAMI-DADE,PCH_4_ELIGCASES,Central Line-Associated Bloodstream Infection (CLABSI): Predicted Cases,8.133,,10/01/2024,09/30/2025
100079,UNIV OF MIAMI HOSPITAL AND CLINICS-SYLVESTER COMPR,Acute Care Hospitals,1475 NW 12TH AVE,MIAMI,FL,33136,MIAMI-DADE,PCH_4_NUMERATOR,Central Line-Associated Bloodstream Infection (CLABSI): Actual Infections,19,,10/01/2024,09/30/2025
100079,UNIV OF MIAMI HOSPITAL AND CLINICS-SYLVESTER COMPR,Acute Care Hospitals,1475 NW 12TH AVE,MIAMI,FL,33136,MIAMI-DADE,PCH_4_SIR,Central Line-Associated Bloodstream Infection (CLABSI): SIR,2.336,,10/01/2024,09/30/2025
100079,UNIV OF MIAMI HOSPITAL AND CLINICS-SYLVESTER COMPR,Acute Care Hospitals,1475 NW 12TH AVE,MIAMI,FL,33136,MIAMI-DADE,PCH_5_DOPC,Catheter-Associated Urinary Tract Infections (CAUTI): Number of Procedures,563,13,10/01/2024,09/30/2025
100079,UNIV OF MIAMI HOSPITAL AND CLINICS-SYLVESTER COMPR,Acute Care Hospitals,1475 NW 12TH AVE,MIAMI,FL,33136,MIAMI-DADE,PCH_5_ELIGCASES,Catheter-Associated Urinary Tract Infections (CAUTI): Predicted Cases,0.566,13,10/01/2024,09/30/2025
100079,UNIV OF MIAMI HOSPITAL AND CLINICS-SYLVESTER COMPR,Acute Care Hospitals,1475 NW 12TH AVE,MIAMI,FL,33136,MIAMI-DADE,PCH_5_NUMERATOR,Catheter-Associated Urinary Tract Infections (CAUTI): Actual Infections,0,13,10/01/2024,09/30/2025
100079,UNIV OF MIAMI HOSPITAL AND CLINICS-SYLVESTER COMPR,Acute Care Hospitals,1475 NW 12TH AVE,MIAMI,FL,33136,MIAMI-DADE,PCH_5_SIR,Catheter-Associated Urinary Tract Infections (CAUTI): SIR,Not Available,13,10/01/2024,09/30/2025
100079,UNIV OF MIAMI HOSPITAL AND CLINICS-SYLVESTER COMPR,Acute Care Hospitals,1475 NW 12TH AVE,MIAMI,FL,33136,MIAMI-DADE,PCH_6_DOPC,SSI - Colon Surgery: Number of Procedures,Not Available,12,10/01/2024,09/30/2025
100079,UNIV OF MIAMI HOSPITAL AND CLINICS-SYLVESTER COMPR,Acute Care Hospitals,1475 NW 12TH AVE,MIAMI,FL,33136,MIAMI-DADE,PCH_6_ELIGCASES,SSI - Colon Surgery: Predicted Cases,Not Available,12,10/01/2024,09/30/2025
100079,UNIV OF MIAMI HOSPITAL AND CLINICS-SYLVESTER COMPR,Acute Care Hospitals,1475 NW 12TH AVE,MIAMI,FL,33136,MIAMI-DADE,PCH_6_NUMERATOR,SSI - Colon Surgery: Actual Infections,Not Available,12,10/01/2024,09/30/2025
100079,UNIV OF MIAMI HOSPITAL AND CLINICS-SYLVESTER COMPR,Acute Care Hospitals,1475 NW 12TH AVE,MIAMI,FL,33136,MIAMI-DADE,PCH_6_SIR,SSI - Colon Surgery: SIR,Not Available,12,10/01/2024,09/30/2025
100079,UNIV OF MIAMI HOSPITAL AND CLINICS-SYLVESTER COMPR,Acute Care Hospitals,1475 NW 12TH AVE,MIAMI,FL,33136,MIAMI-DADE,PCH_7_DOPC,SSI - Abdominal Hysterectomy: Number of Procedures,2,13,10/01/2024,09/30/2025
100079,UNIV OF MIAMI HOSPITAL AND CLINICS-SYLVESTER COMPR,Acute Care Hospitals,1475 NW 12TH AVE,MIAMI,FL,33136,MIAMI-DADE,PCH_7_ELIGCASES,SSI - Abdominal Hysterectomy: Predicted Cases,0.027,13,10/01/2024,09/30/2025
100079,UNIV OF MIAMI HOSPITAL AND CLINICS-SYLVESTER COMPR,Acute Care Hospitals,1475 NW 12TH AVE,MIAMI,FL,33136,MIAMI-DADE,PCH_7_NUMERATOR,SSI - Abdominal Hysterectomy: Actual Infections,0,13,10/01/2024,09/30/2025
100079,UNIV OF MIAMI HOSPITAL AND CLINICS-SYLVESTER COMPR,Acute Care Hospitals,1475 NW 12TH AVE,MIAMI,FL,33136,MIAMI-DADE,PCH_7_SIR,SSI - Abdominal Hysterectomy: SIR,Not Available,13,10/01/2024,09/30/2025
100271,H LEE MOFFITT CANCER CENTER & RESEARCH INSTITUTE I,Acute Care Hospitals,12902 MAGNOLIA DR,TAMPA,FL,33612,HILLSBOROUGH,PCH_26_DOPC,Clostridium Difficile (C.Diff): Patient Days,84546,,10/01/2024,09/30/2025
100271,H LEE MOFFITT CANCER CENTER & RESEARCH INSTITUTE I,Acute Care Hospitals,12902 MAGNOLIA DR,TAMPA,FL,33612,HILLSBOROUGH,PCH_26_ELIGCASES,Clostridium Difficile (C.Diff): Predicted Cases,87.959,,10/01/2024,09/30/2025
100271,H LEE MOFFITT CANCER CENTER & RESEARCH INSTITUTE I,Acute Care Hospitals,12902 MAGNOLIA DR,TAMPA,FL,33612,HILLSBOROUGH,PCH_26_NUMERATOR,Clostridium Difficile (C.Diff): Actual Infections,28,,10/01/2024,09/30/2025
100271,H LEE MOFFITT CANCER CENTER & RESEARCH INSTITUTE I,Acute Care Hospitals,12902 MAGNOLIA DR,TAMPA,FL,33612,HILLSBOROUGH,PCH_26_SIR,Clostridium Difficile (C.Diff): SIR,0.318,,10/01/2024,09/30/2025
100271,H LEE MOFFITT CANCER CENTER & RESEARCH INSTITUTE I,Acute Care Hospitals,12902 MAGNOLIA DR,TAMPA,FL,33612,HILLSBOROUGH,PCH_27_DOPC,MRSA Bacteremia: Patient Days,84546,,10/01/2024,09/30/2025
100271,H LEE MOFFITT CANCER CENTER & RESEARCH INSTITUTE I,Acute Care Hospitals,12902 MAGNOLIA DR,TAMPA,FL,33612,HILLSBOROUGH,PCH_27_ELIGCASES,MRSA Bacteremia: Predicted Cases,12.909,,10/01/2024,09/30/2025
100271,H LEE MOFFITT CANCER CENTER & RESEARCH INSTITUTE I,Acute Care Hospitals,12902 MAGNOLIA DR,TAMPA,FL,33612,HILLSBOROUGH,PCH_27_NUMERATOR,MRSA Bacteremia: Actual Infections,6,,10/01/2024,09/30/2025
100271,H LEE MOFFITT CANCER CENTER & RESEARCH INSTITUTE I,Acute Care Hospitals,12902 MAGNOLIA DR,TAMPA,FL,33612,HILLSBOROUGH,PCH_27_SIR,MRSA Bacteremia: SIR,0.465,,10/01/2024,09/30/2025
100271,H LEE MOFFITT CANCER CENTER & RESEARCH INSTITUTE I,Acute Care Hospitals,12902 MAGNOLIA DR,TAMPA,FL,33612,HILLSBOROUGH,PCH_28_FAC_ADHPCT,Influenza Vaccination Coverage among Healthcare Personnel: Adherence Rate,64,,10/01/2024,03/31/2025
100271,H LEE MOFFITT CANCER CENTER & RESEARCH INSTITUTE I,Acute Care Hospitals,12902 MAGNOLIA DR,TAMPA,FL,33612,HILLSBOROUGH,PCH_28_FAC_DEN,Influenza Vaccination Coverage among Healthcare Personnel: Denominator,15007,,10/01/2024,03/31/2025
100271,H LEE MOFFITT CANCER CENTER & RESEARCH INSTITUTE I,Acute Care Hospitals,12902 MAGNOLIA DR,TAMPA,FL,33612,HILLSBOROUGH,PCH_38_FAC_ADHPCT,Percentage of healthcare personnel who are up to date with COVID-19 vaccinations: Adherence Rate,21.7,,07/01/2025,09/30/2025
100271,H LEE MOFFITT CANCER CENTER & RESEARCH INSTITUTE I,Acute Care Hospitals,12902 MAGNOLIA DR,TAMPA,FL,33612,HILLSBOROUGH,PCH_38_FAC_DEN,Percentage of healthcare personnel who are up to date with COVID-19 vaccinations: Denominator,11185,,07/01/2025,09/30/2025
100271,H LEE MOFFITT CANCER CENTER & RESEARCH INSTITUTE I,Acute Care Hospitals,12902 MAGNOLIA DR,TAMPA,FL,33612,HILLSBOROUGH,PCH_4_DOPC,Central Line-Associated Bloodstream Infection (CLABSI): Number of Procedures,50710,,10/01/2024,09/30/2025
100271,H LEE MOFFITT CANCER CENTER & RESEARCH INSTITUTE I,Acute Care Hospitals,12902 MAGNOLIA DR,TAMPA,FL,33612,HILLSBOROUGH,PCH_4_ELIGCASES,Central Line-Associated Bloodstream Infection (CLABSI): Predicted Cases,56.734,,10/01/2024,09/30/2025
100271,H LEE MOFFITT CANCER CENTER & RESEARCH INSTITUTE I,Acute Care Hospitals,12902 MAGNOLIA DR,TAMPA,FL,33612,HILLSBOROUGH,PCH_4_NUMERATOR,Central Line-Associated Bloodstream Infection (CLABSI): Actual Infections,58,,10/01/2024,09/30/2025
100271,H LEE MOFFITT CANCER CENTER & RESEARCH INSTITUTE I,Acute Care Hospitals,12902 MAGNOLIA DR,TAMPA,FL,33612,HILLSBOROUGH,PCH_4_SIR,Central Line-Associated Bloodstream Infection (CLABSI): SIR,1.022,,10/01/2024,09/30/2025
100271,H LEE MOFFITT CANCER CENTER & RESEARCH INSTITUTE I,Acute Care Hospitals,12902 MAGNOLIA DR,TAMPA,FL,33612,HILLSBOROUGH,PCH_5_DOPC,Catheter-Associated Urinary Tract Infections (CAUTI): Number of Procedures,11325,,10/01/2024,09/30/2025
100271,H LEE MOFFITT CANCER CENTER & RESEARCH INSTITUTE I,Acute Care Hospitals,12902 MAGNOLIA DR,TAMPA,FL,33612,HILLSBOROUGH,PCH_5_ELIGCASES,Catheter-Associated Urinary Tract Infections (CAUTI): Predicted Cases,12.915,,10/01/2024,09/30/2025
100271,H LEE MOFFITT CANCER CENTER & RESEARCH INSTITUTE I,Acute Care Hospitals,12902 MAGNOLIA DR,TAMPA,FL,33612,HILLSBOROUGH,PCH_5_NUMERATOR,Catheter-Associated Urinary Tract Infections (CAUTI): Actual Infections,20,,10/01/2024,09/30/2025
100271,H LEE MOFFITT CANCER CENTER & RESEARCH INSTITUTE I,Acute Care Hospitals,12902 MAGNOLIA DR,TAMPA,FL,33612,HILLSBOROUGH,PCH_5_SIR,Catheter-Associated Urinary Tract Infections (CAUTI): SIR,1.549,,10/01/2024,09/30/2025
100271,H LEE MOFFITT CANCER CENTER & RESEARCH INSTITUTE I,Acute Care Hospitals,12902 MAGNOLIA DR,TAMPA,FL,33612,HILLSBOROUGH,PCH_6_DOPC,SSI - Colon Surgery: Number of Procedures,504,,10/01/2024,09/30/2025
100271,H LEE MOFFITT CANCER CENTER & RESEARCH INSTITUTE I,Acute Care Hospitals,12902 MAGNOLIA DR,TAMPA,FL,33612,HILLSBOROUGH,PCH_6_ELIGCASES,SSI - Colon Surgery: Predicted Cases,23.054,,10/01/2024,09/30/2025
100271,H LEE MOFFITT CANCER CENTER & RESEARCH INSTITUTE I,Acute Care Hospitals,12902 MAGNOLIA DR,TAMPA,FL,33612,HILLSBOROUGH,PCH_6_NUMERATOR,SSI - Colon Surgery: Actual Infections,15,,10/01/2024,09/30/2025
100271,H LEE MOFFITT CANCER CENTER & RESEARCH INSTITUTE I,Acute Care Hospitals,12902 MAGNOLIA DR,TAMPA,FL,33612,HILLSBOROUGH,PCH_6_SIR,SSI - Colon Surgery: SIR,0.651,,10/01/2024,09/30/2025
100271,H LEE MOFFITT CANCER CENTER & RESEARCH INSTITUTE I,Acute Care Hospitals,12902 MAGNOLIA DR,TAMPA,FL,33612,HILLSBOROUGH,PCH_7_DOPC,SSI - Abdominal Hysterectomy: Number of Procedures,237,,10/01/2024,09/30/2025
100271,H LEE MOFFITT CANCER CENTER & RESEARCH INSTITUTE I,Acute Care Hospitals,12902 MAGNOLIA DR,TAMPA,FL,33612,HILLSBOROUGH,PCH_7_ELIGCASES,SSI - Abdominal Hysterectomy: Predicted Cases,3.252,,10/01/2024,09/30/2025
100271,H LEE MOFFITT CANCER CENTER & RESEARCH INSTITUTE I,Acute Care Hospitals,12902 MAGNOLIA DR,TAMPA,FL,33612,HILLSBOROUGH,PCH_7_NUMERATOR,SSI - Abdominal Hysterectomy: Actual Infections,1,,10/01/2024,09/30/2025
100271,H LEE MOFFITT CANCER CENTER & RESEARCH INSTITUTE I,Acute Care Hospitals,12902 MAGNOLIA DR,TAMPA,FL,33612,HILLSBOROUGH,PCH_7_SIR,SSI - Abdominal Hysterectomy: SIR,0.308,,10/01/2024,09/30/2025
220162,DANA-FARBER CANCER INSTITUTE,Acute Care Hospitals,450 BROOKLINE AVENUE,BOSTON,MA,02115,SUFFOLK,PCH_26_DOPC,Clostridium Difficile (C.Diff): Patient Days,10674,,10/01/2024,09/30/2025
220162,DANA-FARBER CANCER INSTITUTE,Acute Care Hospitals,450 BROOKLINE AVENUE,BOSTON,MA,02115,SUFFOLK,PCH_26_ELIGCASES,Clostridium Difficile (C.Diff): Predicted Cases,6.424,,10/01/2024,09/30/2025
220162,DANA-FARBER CANCER INSTITUTE,Acute Care Hospitals,450 BROOKLINE AVENUE,BOSTON,MA,02115,SUFFOLK,PCH_26_NUMERATOR,Clostridium Difficile (C.Diff): Actual Infections,2,,10/01/2024,09/30/2025
220162,DANA-FARBER CANCER INSTITUTE,Acute Care Hospitals,450 BROOKLINE AVENUE,BOSTON,MA,02115,SUFFOLK,PCH_26_SIR,Clostridium Difficile (C.Diff): SIR,0.311,,10/01/2024,09/30/2025
220162,DANA-FARBER CANCER INSTITUTE,Acute Care Hospitals,450 BROOKLINE AVENUE,BOSTON,MA,02115,SUFFOLK,PCH_27_DOPC,MRSA Bacteremia: Patient Days,10674,13,10/01/2024,09/30/2025
220162,DANA-FARBER CANCER INSTITUTE,Acute Care Hospitals,450 BROOKLINE AVENUE,BOSTON,MA,02115,SUFFOLK,PCH_27_ELIGCASES,MRSA Bacteremia: Predicted Cases,0.688,13,10/01/2024,09/30/2025
220162,DANA-FARBER CANCER INSTITUTE,Acute Care Hospitals,450 BROOKLINE AVENUE,BOSTON,MA,02115,SUFFOLK,PCH_27_NUMERATOR,MRSA Bacteremia: Actual Infections,1,13,10/01/2024,09/30/2025
220162,DANA-FARBER CANCER INSTITUTE,Acute Care Hospitals,450 BROOKLINE AVENUE,BOSTON,MA,02115,SUFFOLK,PCH_27_SIR,MRSA Bacteremia: SIR,Not Available,13,10/01/2024,09/30/2025
220162,DANA-FARBER CANCER INSTITUTE,Acute Care Hospitals,450 BROOKLINE AVENUE,BOSTON,MA,02115,SUFFOLK,PCH_28_FAC_ADHPCT,Influenza Vaccination Coverage among Healthcare Personnel: Adherence Rate,99,,10/01/2024,03/31/2025
220162,DANA-FARBER CANCER INSTITUTE,Acute Care Hospitals,450 BROOKLINE AVENUE,BOSTON,MA,02115,SUFFOLK,PCH_28_FAC_DEN,Influenza Vaccination Coverage among Healthcare Personnel: Denominator,10388,,10/01/2024,03/31/2025
220162,DANA-FARBER CANCER INSTITUTE,Acute Care Hospitals,450 BROOKLINE AVENUE,BOSTON,MA,02115,SUFFOLK,PCH_38_FAC_ADHPCT,Percentage of healthcare personnel who are up to date with COVID-19 vaccinations: Adherence Rate,26.2,,07/01/2025,09/30/2025
220162,DANA-FARBER CANCER INSTITUTE,Acute Care Hospitals,450 BROOKLINE AVENUE,BOSTON,MA,02115,SUFFOLK,PCH_38_FAC_DEN,Percentage of healthcare personnel who are up to date with COVID-19 vaccinations: Denominator,9908,,07/01/2025,09/30/2025
220162,DANA-FARBER CANCER INSTITUTE,Acute Care Hospitals,450 BROOKLINE AVENUE,BOSTON,MA,02115,SUFFOLK,PCH_4_DOPC,Central Line-Associated Bloodstream Infection (CLABSI): Number of Procedures,6911,,10/01/2024,09/30/2025
220162,DANA-FARBER CANCER INSTITUTE,Acute Care Hospitals,450 BROOKLINE AVENUE,BOSTON,MA,02115,SUFFOLK,PCH_4_ELIGCASES,Central Line-Associated Bloodstream Infection (CLABSI): Predicted Cases,6.302,,10/01/2024,09/30/2025
220162,DANA-FARBER CANCER INSTITUTE,Acute Care Hospitals,450 BROOKLINE AVENUE,BOSTON,MA,02115,SUFFOLK,PCH_4_NUMERATOR,Central Line-Associated Bloodstream Infection (CLABSI): Actual Infections,7,,10/01/2024,09/30/2025
220162,DANA-FARBER CANCER INSTITUTE,Acute Care Hospitals,450 BROOKLINE AVENUE,BOSTON,MA,02115,SUFFOLK,PCH_4_SIR,Central Line-Associated Bloodstream Infection (CLABSI): SIR,1.111,,10/01/2024,09/30/2025
220162,DANA-FARBER CANCER INSTITUTE,Acute Care Hospitals,450 BROOKLINE AVENUE,BOSTON,MA,02115,SUFFOLK,PCH_5_DOPC,Catheter-Associated Urinary Tract Infections (CAUTI): Number of Procedures,854,13,10/01/2024,09/30/2025
220162,DANA-FARBER CANCER INSTITUTE,Acute Care Hospitals,450 BROOKLINE AVENUE,BOSTON,MA,02115,SUFFOLK,PCH_5_ELIGCASES,Catheter-Associated Urinary Tract Infections (CAUTI): Predicted Cases,0.872,13,10/01/2024,09/30/2025
220162,DANA-FARBER CANCER INSTITUTE,Acute Care Hospitals,450 BROOKLINE AVENUE,BOSTON,MA,02115,SUFFOLK,PCH_5_NUMERATOR,Catheter-Associated Urinary Tract Infections (CAUTI): Actual Infections,1,13,10/01/2024,09/30/2025
220162,DANA-FARBER CANCER INSTITUTE,Acute Care Hospitals,450 BROOKLINE AVENUE,BOSTON,MA,02115,SUFFOLK,PCH_5_SIR,Catheter-Associated Urinary Tract Infections (CAUTI): SIR,Not Available,13,10/01/2024,09/30/2025
220162,DANA-FARBER CANCER INSTITUTE,Acute Care Hospitals,450 BROOKLINE AVENUE,BOSTON,MA,02115,SUFFOLK,PCH_6_DOPC,SSI - Colon Surgery: Number of Procedures,Not Available,12,10/01/2024,09/30/2025
220162,DANA-FARBER CANCER INSTITUTE,Acute Care Hospitals,450 BROOKLINE AVENUE,BOSTON,MA,02115,SUFFOLK,PCH_6_ELIGCASES,SSI - Colon Surgery: Predicted Cases,Not Available,12,10/01/2024,09/30/2025
220162,DANA-FARBER CANCER INSTITUTE,Acute Care Hospitals,450 BROOKLINE AVENUE,BOSTON,MA,02115,SUFFOLK,PCH_6_NUMERATOR,SSI - Colon Surgery: Actual Infections,Not Available,12,10/01/2024,09/30/2025
220162,DANA-FARBER CANCER INSTITUTE,Acute Care Hospitals,450 BROOKLINE AVENUE,BOSTON,MA,02115,SUFFOLK,PCH_6_SIR,SSI - Colon Surgery: SIR,Not Available,12,10/01/2024,09/30/2025
220162,DANA-FARBER CANCER INSTITUTE,Acute Care Hospitals,450 BROOKLINE AVENUE,BOSTON,MA,02115,SUFFOLK,PCH_7_DOPC,SSI - Abdominal Hysterectomy: Number of Procedures,Not Available,12,10/01/2024,09/30/2025
220162,DANA-FARBER CANCER INSTITUTE,Acute Care Hospitals,450 BROOKLINE AVENUE,BOSTON,MA,02115,SUFFOLK,PCH_7_ELIGCASES,SSI - Abdominal Hysterectomy: Predicted Cases,Not Available,12,10/01/2024,09/30/2025
220162,DANA-FARBER CANCER INSTITUTE,Acute Care Hospitals,450 BROOKLINE AVENUE,BOSTON,MA,02115,SUFFOLK,PCH_7_NUMERATOR,SSI - Abdominal Hysterectomy: Actual Infections,Not Available,12,10/01/2024,09/30/2025
220162,DANA-FARBER CANCER INSTITUTE,Acute Care Hospitals,450 BROOKLINE AVENUE,BOSTON,MA,02115,SUFFOLK,PCH_7_SIR,SSI - Abdominal Hysterectomy: SIR,Not Available,12,10/01/2024,09/30/2025
330154,MEMORIAL HOSPITAL FOR CANCER AND ALLIED DISEASES,Acute Care Hospitals,1275 YORK AVENUE,NEW YORK,NY,10021,NEW YORK,PCH_26_DOPC,Clostridium Difficile (C.Diff): Patient Days,171542,,10/01/2024,09/30/2025
330154,MEMORIAL HOSPITAL FOR CANCER AND ALLIED DISEASES,Acute Care Hospitals,1275 YORK AVENUE,NEW YORK,NY,10021,NEW YORK,PCH_26_ELIGCASES,Clostridium Difficile (C.Diff): Predicted Cases,196.857,,10/01/2024,09/30/2025
330154,MEMORIAL HOSPITAL FOR CANCER AND ALLIED DISEASES,Acute Care Hospitals,1275 YORK AVENUE,NEW YORK,NY,10021,NEW YORK,PCH_26_NUMERATOR,Clostridium Difficile (C.Diff): Actual Infections,89,,10/01/2024,09/30/2025
330154,MEMORIAL HOSPITAL FOR CANCER AND ALLIED DISEASES,Acute Care Hospitals,1275 YORK AVENUE,NEW YORK,NY,10021,NEW YORK,PCH_26_SIR,Clostridium Difficile (C.Diff): SIR,0.452,,10/01/2024,09/30/2025
330154,MEMORIAL HOSPITAL FOR CANCER AND ALLIED DISEASES,Acute Care Hospitals,1275 YORK AVENUE,NEW YORK,NY,10021,NEW YORK,PCH_27_DOPC,MRSA Bacteremia: Patient Days,171542,,10/01/2024,09/30/2025
330154,MEMORIAL HOSPITAL FOR CANCER AND ALLIED DISEASES,Acute Care Hospitals,1275 YORK AVENUE,NEW YORK,NY,10021,NEW YORK,PCH_27_ELIGCASES,MRSA Bacteremia: Predicted Cases,19.487,,10/01/2024,09/30/2025
330154,MEMORIAL HOSPITAL FOR CANCER AND ALLIED DISEASES,Acute Care Hospitals,1275 YORK AVENUE,NEW YORK,NY,10021,NEW YORK,PCH_27_NUMERATOR,MRSA Bacteremia: Actual Infections,10,,10/01/2024,09/30/2025
330154,MEMORIAL HOSPITAL FOR CANCER AND ALLIED DISEASES,Acute Care Hospitals,1275 YORK AVENUE,NEW YORK,NY,10021,NEW YORK,PCH_27_SIR,MRSA Bacteremia: SIR,0.513,,10/01/2024,09/30/2025
330154,MEMORIAL HOSPITAL FOR CANCER AND ALLIED DISEASES,Acute Care Hospitals,1275 YORK AVENUE,NEW YORK,NY,10021,NEW YORK,PCH_28_FAC_ADHPCT,Influenza Vaccination Coverage among Healthcare Personnel: Adherence Rate,99,,10/01/2024,03/31/2025
330154,MEMORIAL HOSPITAL FOR CANCER AND ALLIED DISEASES,Acute Care Hospitals,1275 YORK AVENUE,NEW YORK,NY,10021,NEW YORK,PCH_28_FAC_DEN,Influenza Vaccination Coverage among Healthcare Personnel: Denominator,22891,,10/01/2024,03/31/2025
330154,MEMORIAL HOSPITAL FOR CANCER AND ALLIED DISEASES,Acute Care Hospitals,1275 YORK AVENUE,NEW YORK,NY,10021,NEW YORK,PCH_38_FAC_ADHPCT,Percentage of healthcare personnel who are up to date with COVID-19 vaccinations: Adherence Rate,7.2,,07/01/2025,09/30/2025
330154,MEMORIAL HOSPITAL FOR CANCER AND ALLIED DISEASES,Acute Care Hospitals,1275 YORK AVENUE,NEW YORK,NY,10021,NEW YORK,PCH_38_FAC_DEN,Percentage of healthcare personnel who are up to date with COVID-19 vaccinations: Denominator,23982,,07/01/2025,09/30/2025
330154,MEMORIAL HOSPITAL FOR CANCER AND ALLIED DISEASES,Acute Care Hospitals,1275 YORK AVENUE,NEW YORK,NY,10021,NEW YORK,PCH_4_DOPC,Central Line-Associated Bloodstream Infection (CLABSI): Number of Procedures,93370,,10/01/2024,09/30/2025
330154,MEMORIAL HOSPITAL FOR CANCER AND ALLIED DISEASES,Acute Care Hospitals,1275 YORK AVENUE,NEW YORK,NY,10021,NEW YORK,PCH_4_ELIGCASES,Central Line-Associated Bloodstream Infection (CLABSI): Predicted Cases,115.700,,10/01/2024,09/30/2025
330154,MEMORIAL HOSPITAL FOR CANCER AND ALLIED DISEASES,Acute Care Hospitals,1275 YORK AVENUE,NEW YORK,NY,10021,NEW YORK,PCH_4_NUMERATOR,Central Line-Associated Bloodstream Infection (CLABSI): Actual Infections,112,,10/01/2024,09/30/2025
330154,MEMORIAL HOSPITAL FOR CANCER AND ALLIED DISEASES,Acute Care Hospitals,1275 YORK AVENUE,NEW YORK,NY,10021,NEW YORK,PCH_4_SIR,Central Line-Associated Bloodstream Infection (CLABSI): SIR,0.968,,10/01/2024,09/30/2025
330154,MEMORIAL HOSPITAL FOR CANCER AND ALLIED DISEASES,Acute Care Hospitals,1275 YORK AVENUE,NEW YORK,NY,10021,NEW YORK,PCH_5_DOPC,Catheter-Associated Urinary Tract Infections (CAUTI): Number of Procedures,21200,,10/01/2024,09/30/2025
330154,MEMORIAL HOSPITAL FOR CANCER AND ALLIED DISEASES,Acute Care Hospitals,1275 YORK AVENUE,NEW YORK,NY,10021,NEW YORK,PCH_5_ELIGCASES,Catheter-Associated Urinary Tract Infections (CAUTI): Predicted Cases,25.130,,10/01/2024,09/30/2025
330154,MEMORIAL HOSPITAL FOR CANCER AND ALLIED DISEASES,Acute Care Hospitals,1275 YORK AVENUE,NEW YORK,NY,10021,NEW YORK,PCH_5_NUMERATOR,Catheter-Associated Urinary Tract Infections (CAUTI): Actual Infections,21,,10/01/2024,09/30/2025
330154,MEMORIAL HOSPITAL FOR CANCER AND ALLIED DISEASES,Acute Care Hospitals,1275 YORK AVENUE,NEW YORK,NY,10021,NEW YORK,PCH_5_SIR,Catheter-Associated Urinary Tract Infections (CAUTI): SIR,0.836,,10/01/2024,09/30/2025
330154,MEMORIAL HOSPITAL FOR CANCER AND ALLIED DISEASES,Acute Care Hospitals,1275 YORK AVENUE,NEW YORK,NY,10021,NEW YORK,PCH_6_DOPC,SSI - Colon Surgery: Number of Procedures,1137,,10/01/2024,09/30/2025
330154,MEMORIAL HOSPITAL FOR CANCER AND ALLIED DISEASES,Acute Care Hospitals,1275 YORK AVENUE,NEW YORK,NY,10021,NEW YORK,PCH_6_ELIGCASES,SSI - Colon Surgery: Predicted Cases,52.751,,10/01/2024,09/30/2025
330154,MEMORIAL HOSPITAL FOR CANCER AND ALLIED DISEASES,Acute Care Hospitals,1275 YORK AVENUE,NEW YORK,NY,10021,NEW YORK,PCH_6_NUMERATOR,SSI - Colon Surgery: Actual Infections,45,,10/01/2024,09/30/2025
330154,MEMORIAL HOSPITAL FOR CANCER AND ALLIED DISEASES,Acute Care Hospitals,1275 YORK AVENUE,NEW YORK,NY,10021,NEW YORK,PCH_6_SIR,SSI - Colon Surgery: SIR,0.853,,10/01/2024,09/30/2025
330154,MEMORIAL HOSPITAL FOR CANCER AND ALLIED DISEASES,Acute Care Hospitals,1275 YORK AVENUE,NEW YORK,NY,10021,NEW YORK,PCH_7_DOPC,SSI - Abdominal Hysterectomy: Number of Procedures,966,,10/01/2024,09/30/2025
330154,MEMORIAL HOSPITAL FOR CANCER AND ALLIED DISEASES,Acute Care Hospitals,1275 YORK AVENUE,NEW YORK,NY,10021,NEW YORK,PCH_7_ELIGCASES,SSI - Abdominal Hysterectomy: Predicted Cases,13.565,,10/01/2024,09/30/2025
330154,MEMORIAL HOSPITAL FOR CANCER AND ALLIED DISEASES,Acute Care Hospitals,1275 YORK AVENUE,NEW YORK,NY,10021,NEW YORK,PCH_7_NUMERATOR,SSI - Abdominal Hysterectomy: Actual Infections,10,,10/01/2024,09/30/2025
330154,MEMORIAL HOSPITAL FOR CANCER AND ALLIED DISEASES,Acute Care Hospitals,1275 YORK AVENUE,NEW YORK,NY,10021,NEW YORK,PCH_7_SIR,SSI - Abdominal Hysterectomy: SIR,0.737,,10/01/2024,09/30/2025
330354,ROSWELL PARK CANCER INSTITUTE,Acute Care Hospitals,ELM AND CARLTON STREETS,BUFFALO,NY,14203,ERIE,PCH_26_DOPC,Clostridium Difficile (C.Diff): Patient Days,44813,,10/01/2024,09/30/2025
330354,ROSWELL PARK CANCER INSTITUTE,Acute Care Hospitals,ELM AND CARLTON STREETS,BUFFALO,NY,14203,ERIE,PCH_26_ELIGCASES,Clostridium Difficile (C.Diff): Predicted Cases,70.905,,10/01/2024,09/30/2025
330354,ROSWELL PARK CANCER INSTITUTE,Acute Care Hospitals,ELM AND CARLTON STREETS,BUFFALO,NY,14203,ERIE,PCH_26_NUMERATOR,Clostridium Difficile (C.Diff): Actual Infections,55,,10/01/2024,09/30/2025
330354,ROSWELL PARK CANCER INSTITUTE,Acute Care Hospitals,ELM AND CARLTON STREETS,BUFFALO,NY,14203,ERIE,PCH_26_SIR,Clostridium Difficile (C.Diff): SIR,0.776,,10/01/2024,09/30/2025
330354,ROSWELL PARK CANCER INSTITUTE,Acute Care Hospitals,ELM AND CARLTON STREETS,BUFFALO,NY,14203,ERIE,PCH_27_DOPC,MRSA Bacteremia: Patient Days,44813,,10/01/2024,09/30/2025
330354,ROSWELL PARK CANCER INSTITUTE,Acute Care Hospitals,ELM AND CARLTON STREETS,BUFFALO,NY,14203,ERIE,PCH_27_ELIGCASES,MRSA Bacteremia: Predicted Cases,5.264,,10/01/2024,09/30/2025
330354,ROSWELL PARK CANCER INSTITUTE,Acute Care Hospitals,ELM AND CARLTON STREETS,BUFFALO,NY,14203,ERIE,PCH_27_NUMERATOR,MRSA Bacteremia: Actual Infections,5,,10/01/2024,09/30/2025
330354,ROSWELL PARK CANCER INSTITUTE,Acute Care Hospitals,ELM AND CARLTON STREETS,BUFFALO,NY,14203,ERIE,PCH_27_SIR,MRSA Bacteremia: SIR,0.950,,10/01/2024,09/30/2025
330354,ROSWELL PARK CANCER INSTITUTE,Acute Care Hospitals,ELM AND CARLTON STREETS,BUFFALO,NY,14203,ERIE,PCH_28_FAC_ADHPCT,Influenza Vaccination Coverage among Healthcare Personnel: Adherence Rate,71,,10/01/2024,03/31/2025
330354,ROSWELL PARK CANCER INSTITUTE,Acute Care Hospitals,ELM AND CARLTON STREETS,BUFFALO,NY,14203,ERIE,PCH_28_FAC_DEN,Influenza Vaccination Coverage among Healthcare Personnel: Denominator,4436,,10/01/2024,03/31/2025
330354,ROSWELL PARK CANCER INSTITUTE,Acute Care Hospitals,ELM AND CARLTON STREETS,BUFFALO,NY,14203,ERIE,PCH_38_FAC_ADHPCT,Percentage of healthcare personnel who are up to date with COVID-19 vaccinations: Adherence Rate,15.7,,07/01/2025,09/30/2025
330354,ROSWELL PARK CANCER INSTITUTE,Acute Care Hospitals,ELM AND CARLTON STREETS,BUFFALO,NY,14203,ERIE,PCH_38_FAC_DEN,Percentage of healthcare personnel who are up to date with COVID-19 vaccinations: Denominator,4003,,07/01/2025,09/30/2025
330354,ROSWELL PARK CANCER INSTITUTE,Acute Care Hospitals,ELM AND CARLTON STREETS,BUFFALO,NY,14203,ERIE,PCH_4_DOPC,Central Line-Associated Bloodstream Infection (CLABSI): Number of Procedures,29480,,10/01/2024,09/30/2025
330354,ROSWELL PARK CANCER INSTITUTE,Acute Care Hospitals,ELM AND CARLTON STREETS,BUFFALO,NY,14203,ERIE,PCH_4_ELIGCASES,Central Line-Associated Bloodstream Infection (CLABSI): Predicted Cases,28.695,,10/01/2024,09/30/2025
330354,ROSWELL PARK CANCER INSTITUTE,Acute Care Hospitals,ELM AND CARLTON STREETS,BUFFALO,NY,14203,ERIE,PCH_4_NUMERATOR,Central Line-Associated Bloodstream Infection (CLABSI): Actual Infections,32,,10/01/2024,09/30/2025
330354,ROSWELL PARK CANCER INSTITUTE,Acute Care Hospitals,ELM AND CARLTON STREETS,BUFFALO,NY,14203,ERIE,PCH_4_SIR,Central Line-Associated Bloodstream Infection (CLABSI): SIR,1.115,,10/01/2024,09/30/2025
330354,ROSWELL PARK CANCER INSTITUTE,Acute Care Hospitals,ELM AND CARLTON STREETS,BUFFALO,NY,14203,ERIE,PCH_5_DOPC,Catheter-Associated Urinary Tract Infections (CAUTI): Number of Procedures,11561,,10/01/2024,09/30/2025
330354,ROSWELL PARK CANCER INSTITUTE,Acute Care Hospitals,ELM AND CARLTON STREETS,BUFFALO,NY,14203,ERIE,PCH_5_ELIGCASES,Catheter-Associated Urinary Tract Infections (CAUTI): Predicted Cases,9.646,,10/01/2024,09/30/2025
330354,ROSWELL PARK CANCER INSTITUTE,Acute Care Hospitals,ELM AND CARLTON STREETS,BUFFALO,NY,14203,ERIE,PCH_5_NUMERATOR,Catheter-Associated Urinary Tract Infections (CAUTI): Actual Infections,12,,10/01/2024,09/30/2025
330354,ROSWELL PARK CANCER INSTITUTE,Acute Care Hospitals,ELM AND CARLTON STREETS,BUFFALO,NY,14203,ERIE,PCH_5_SIR,Catheter-Associated Urinary Tract Infections (CAUTI): SIR,1.244,,10/01/2024,09/30/2025
330354,ROSWELL PARK CANCER INSTITUTE,Acute Care Hospitals,ELM AND CARLTON STREETS,BUFFALO,NY,14203,ERIE,PCH_6_DOPC,SSI - Colon Surgery: Number of Procedures,265,,10/01/2024,09/30/2025
330354,ROSWELL PARK CANCER INSTITUTE,Acute Care Hospitals,ELM AND CARLTON STREETS,BUFFALO,NY,14203,ERIE,PCH_6_ELIGCASES,SSI - Colon Surgery: Predicted Cases,12.098,,10/01/2024,09/30/2025
330354,ROSWELL PARK CANCER INSTITUTE,Acute Care Hospitals,ELM AND CARLTON STREETS,BUFFALO,NY,14203,ERIE,PCH_6_NUMERATOR,SSI - Colon Surgery: Actual Infections,16,,10/01/2024,09/30/2025
330354,ROSWELL PARK CANCER INSTITUTE,Acute Care Hospitals,ELM AND CARLTON STREETS,BUFFALO,NY,14203,ERIE,PCH_6_SIR,SSI - Colon Surgery: SIR,1.323,,10/01/2024,09/30/2025
330354,ROSWELL PARK CANCER INSTITUTE,Acute Care Hospitals,ELM AND CARLTON STREETS,BUFFALO,NY,14203,ERIE,PCH_7_DOPC,SSI - Abdominal Hysterectomy: Number of Procedures,248,,10/01/2024,09/30/2025
330354,ROSWELL PARK CANCER INSTITUTE,Acute Care Hospitals,ELM AND CARLTON STREETS,BUFFALO,NY,14203,ERIE,PCH_7_ELIGCASES,SSI - Abdominal Hysterectomy: Predicted Cases,3.747,,10/01/2024,09/30/2025
330354,ROSWELL PARK CANCER INSTITUTE,Acute Care Hospitals,ELM AND CARLTON STREETS,BUFFALO,NY,14203,ERIE,PCH_7_NUMERATOR,SSI - Abdominal Hysterectomy: Actual Infections,2,,10/01/2024,09/30/2025
330354,ROSWELL PARK CANCER INSTITUTE,Acute Care Hospitals,ELM AND CARLTON STREETS,BUFFALO,NY,14203,ERIE,PCH_7_SIR,SSI - Abdominal Hysterectomy: SIR,0.534,,10/01/2024,09/30/2025
360242,JAMES CANCER HOSPITAL & SOLOVE RESEARCH INSTITUTE,Acute Care Hospitals,460 WEST TENTH AVENUE,COLUMBUS,OH,43210,FRANKLIN,PCH_26_DOPC,Clostridium Difficile (C.Diff): Patient Days,123570,,10/01/2024,09/30/2025
360242,JAMES CANCER HOSPITAL & SOLOVE RESEARCH INSTITUTE,Acute Care Hospitals,460 WEST TENTH AVENUE,COLUMBUS,OH,43210,FRANKLIN,PCH_26_ELIGCASES,Clostridium Difficile (C.Diff): Predicted Cases,143.073,,10/01/2024,09/30/2025
360242,JAMES CANCER HOSPITAL & SOLOVE RESEARCH INSTITUTE,Acute Care Hospitals,460 WEST TENTH AVENUE,COLUMBUS,OH,43210,FRANKLIN,PCH_26_NUMERATOR,Clostridium Difficile (C.Diff): Actual Infections,50,,10/01/2024,09/30/2025
360242,JAMES CANCER HOSPITAL & SOLOVE RESEARCH INSTITUTE,Acute Care Hospitals,460 WEST TENTH AVENUE,COLUMBUS,OH,43210,FRANKLIN,PCH_26_SIR,Clostridium Difficile (C.Diff): SIR,0.349,,10/01/2024,09/30/2025
360242,JAMES CANCER HOSPITAL & SOLOVE RESEARCH INSTITUTE,Acute Care Hospitals,460 WEST TENTH AVENUE,COLUMBUS,OH,43210,FRANKLIN,PCH_27_DOPC,MRSA Bacteremia: Patient Days,123570,,10/01/2024,09/30/2025
360242,JAMES CANCER HOSPITAL & SOLOVE RESEARCH INSTITUTE,Acute Care Hospitals,460 WEST TENTH AVENUE,COLUMBUS,OH,43210,FRANKLIN,PCH_27_ELIGCASES,MRSA Bacteremia: Predicted Cases,20.192,,10/01/2024,09/30/2025
360242,JAMES CANCER HOSPITAL & SOLOVE RESEARCH INSTITUTE,Acute Care Hospitals,460 WEST TENTH AVENUE,COLUMBUS,OH,43210,FRANKLIN,PCH_27_NUMERATOR,MRSA Bacteremia: Actual Infections,14,,10/01/2024,09/30/2025
360242,JAMES CANCER HOSPITAL & SOLOVE RESEARCH INSTITUTE,Acute Care Hospitals,460 WEST TENTH AVENUE,COLUMBUS,OH,43210,FRANKLIN,PCH_27_SIR,MRSA Bacteremia: SIR,0.693,,10/01/2024,09/30/2025
360242,JAMES CANCER HOSPITAL & SOLOVE RESEARCH INSTITUTE,Acute Care Hospitals,460 WEST TENTH AVENUE,COLUMBUS,OH,43210,FRANKLIN,PCH_28_FAC_ADHPCT,Influenza Vaccination Coverage among Healthcare Personnel: Adherence Rate,89,,10/01/2024,03/31/2025
360242,JAMES CANCER HOSPITAL & SOLOVE RESEARCH INSTITUTE,Acute Care Hospitals,460 WEST TENTH AVENUE,COLUMBUS,OH,43210,FRANKLIN,PCH_28_FAC_DEN,Influenza Vaccination Coverage among Healthcare Personnel: Denominator,18574,,10/01/2024,03/31/2025
360242,JAMES CANCER HOSPITAL & SOLOVE RESEARCH INSTITUTE,Acute Care Hospitals,460 WEST TENTH AVENUE,COLUMBUS,OH,43210,FRANKLIN,PCH_38_FAC_ADHPCT,Percentage of healthcare personnel who are up to date with COVID-19 vaccinations: Adherence Rate,0,,07/01/2025,09/30/2025
360242,JAMES CANCER HOSPITAL & SOLOVE RESEARCH INSTITUTE,Acute Care Hospitals,460 WEST TENTH AVENUE,COLUMBUS,OH,43210,FRANKLIN,PCH_38_FAC_DEN,Percentage of healthcare personnel who are up to date with COVID-19 vaccinations: Denominator,6647,,07/01/2025,09/30/2025
360242,JAMES CANCER HOSPITAL & SOLOVE RESEARCH INSTITUTE,Acute Care Hospitals,460 WEST TENTH AVENUE,COLUMBUS,OH,43210,FRANKLIN,PCH_4_DOPC,Central Line-Associated Bloodstream Infection (CLABSI): Number of Procedures,56116,,10/01/2024,09/30/2025
360242,JAMES CANCER HOSPITAL & SOLOVE RESEARCH INSTITUTE,Acute Care Hospitals,460 WEST TENTH AVENUE,COLUMBUS,OH,43210,FRANKLIN,PCH_4_ELIGCASES,Central Line-Associated Bloodstream Infection (CLABSI): Predicted Cases,69.883,,10/01/2024,09/30/2025
360242,JAMES CANCER HOSPITAL & SOLOVE RESEARCH INSTITUTE,Acute Care Hospitals,460 WEST TENTH AVENUE,COLUMBUS,OH,43210,FRANKLIN,PCH_4_NUMERATOR,Central Line-Associated Bloodstream Infection (CLABSI): Actual Infections,52,,10/01/2024,09/30/2025
360242,JAMES CANCER HOSPITAL & SOLOVE RESEARCH INSTITUTE,Acute Care Hospitals,460 WEST TENTH AVENUE,COLUMBUS,OH,43210,FRANKLIN,PCH_4_SIR,Central Line-Associated Bloodstream Infection (CLABSI): SIR,0.744,,10/01/2024,09/30/2025
360242,JAMES CANCER HOSPITAL & SOLOVE RESEARCH INSTITUTE,Acute Care Hospitals,460 WEST TENTH AVENUE,COLUMBUS,OH,43210,FRANKLIN,PCH_5_DOPC,Catheter-Associated Urinary Tract Infections (CAUTI): Number of Procedures,22303,,10/01/2024,09/30/2025
360242,JAMES CANCER HOSPITAL & SOLOVE RESEARCH INSTITUTE,Acute Care Hospitals,460 WEST TENTH AVENUE,COLUMBUS,OH,43210,FRANKLIN,PCH_5_ELIGCASES,Catheter-Associated Urinary Tract Infections (CAUTI): Predicted Cases,27.938,,10/01/2024,09/30/2025
360242,JAMES CANCER HOSPITAL & SOLOVE RESEARCH INSTITUTE,Acute Care Hospitals,460 WEST TENTH AVENUE,COLUMBUS,OH,43210,FRANKLIN,PCH_5_NUMERATOR,Catheter-Associated Urinary Tract Infections (CAUTI): Actual Infections,13,,10/01/2024,09/30/2025
360242,JAMES CANCER HOSPITAL & SOLOVE RESEARCH INSTITUTE,Acute Care Hospitals,460 WEST TENTH AVENUE,COLUMBUS,OH,43210,FRANKLIN,PCH_5_SIR,Catheter-Associated Urinary Tract Infections (CAUTI): SIR,0.465,,10/01/2024,09/30/2025
360242,JAMES CANCER HOSPITAL & SOLOVE RESEARCH INSTITUTE,Acute Care Hospitals,460 WEST TENTH AVENUE,COLUMBUS,OH,43210,FRANKLIN,PCH_6_DOPC,SSI - Colon Surgery: Number of Procedures,529,,10/01/2024,09/30/2025
360242,JAMES CANCER HOSPITAL & SOLOVE RESEARCH INSTITUTE,Acute Care Hospitals,460 WEST TENTH AVENUE,COLUMBUS,OH,43210,FRANKLIN,PCH_6_ELIGCASES,SSI - Colon Surgery: Predicted Cases,25.103,,10/01/2024,09/30/2025
360242,JAMES CANCER HOSPITAL & SOLOVE RESEARCH INSTITUTE,Acute Care Hospitals,460 WEST TENTH AVENUE,COLUMBUS,OH,43210,FRANKLIN,PCH_6_NUMERATOR,SSI - Colon Surgery: Actual Infections,20,,10/01/2024,09/30/2025
360242,JAMES CANCER HOSPITAL & SOLOVE RESEARCH INSTITUTE,Acute Care Hospitals,460 WEST TENTH AVENUE,COLUMBUS,OH,43210,FRANKLIN,PCH_6_SIR,SSI - Colon Surgery: SIR,0.797,,10/01/2024,09/30/2025
360242,JAMES CANCER HOSPITAL & SOLOVE RESEARCH INSTITUTE,Acute Care Hospitals,460 WEST TENTH AVENUE,COLUMBUS,OH,43210,FRANKLIN,PCH_7_DOPC,SSI - Abdominal Hysterectomy: Number of Procedures,299,,10/01/2024,09/30/2025
360242,JAMES CANCER HOSPITAL & SOLOVE RESEARCH INSTITUTE,Acute Care Hospitals,460 WEST TENTH AVENUE,COLUMBUS,OH,43210,FRANKLIN,PCH_7_ELIGCASES,SSI - Abdominal Hysterectomy: Predicted Cases,4.471,,10/01/2024,09/30/2025
360242,JAMES CANCER HOSPITAL & SOLOVE RESEARCH INSTITUTE,Acute Care Hospitals,460 WEST TENTH AVENUE,COLUMBUS,OH,43210,FRANKLIN,PCH_7_NUMERATOR,SSI - Abdominal Hysterectomy: Actual Infections,3,,10/01/2024,09/30/2025
360242,JAMES CANCER HOSPITAL & SOLOVE RESEARCH INSTITUTE,Acute Care Hospitals,460 WEST TENTH AVENUE,COLUMBUS,OH,43210,FRANKLIN,PCH_7_SIR,SSI - Abdominal Hysterectomy: SIR,0.671,,10/01/2024,09/30/2025
390196,HOSPITAL OF THE FOX CHASE CANCER CENTER,Acute Care Hospitals,333 COTTMAN AVENUE,PHILADELPHIA,PA,19111,PHILADELPHIA,PCH_26_DOPC,Clostridium Difficile (C.Diff): Patient Days,24070,,10/01/2024,09/30/2025
390196,HOSPITAL OF THE FOX CHASE CANCER CENTER,Acute Care Hospitals,333 COTTMAN AVENUE,PHILADELPHIA,PA,19111,PHILADELPHIA,PCH_26_ELIGCASES,Clostridium Difficile (C.Diff): Predicted Cases,15.817,,10/01/2024,09/30/2025
390196,HOSPITAL OF THE FOX CHASE CANCER CENTER,Acute Care Hospitals,333 COTTMAN AVENUE,PHILADELPHIA,PA,19111,PHILADELPHIA,PCH_26_NUMERATOR,Clostridium Difficile (C.Diff): Actual Infections,5,,10/01/2024,09/30/2025
390196,HOSPITAL OF THE FOX CHASE CANCER CENTER,Acute Care Hospitals,333 COTTMAN AVENUE,PHILADELPHIA,PA,19111,PHILADELPHIA,PCH_26_SIR,Clostridium Difficile (C.Diff): SIR,0.316,,10/01/2024,09/30/2025
390196,HOSPITAL OF THE FOX CHASE CANCER CENTER,Acute Care Hospitals,333 COTTMAN AVENUE,PHILADELPHIA,PA,19111,PHILADELPHIA,PCH_27_DOPC,MRSA Bacteremia: Patient Days,24070,,10/01/2024,09/30/2025
390196,HOSPITAL OF THE FOX CHASE CANCER CENTER,Acute Care Hospitals,333 COTTMAN AVENUE,PHILADELPHIA,PA,19111,PHILADELPHIA,PCH_27_ELIGCASES,MRSA Bacteremia: Predicted Cases,2.395,,10/01/2024,09/30/2025
390196,HOSPITAL OF THE FOX CHASE CANCER CENTER,Acute Care Hospitals,333 COTTMAN AVENUE,PHILADELPHIA,PA,19111,PHILADELPHIA,PCH_27_NUMERATOR,MRSA Bacteremia: Actual Infections,0,,10/01/2024,09/30/2025
390196,HOSPITAL OF THE FOX CHASE CANCER CENTER,Acute Care Hospitals,333 COTTMAN AVENUE,PHILADELPHIA,PA,19111,PHILADELPHIA,PCH_27_SIR,MRSA Bacteremia: SIR,0.000,,10/01/2024,09/30/2025
390196,HOSPITAL OF THE FOX CHASE CANCER CENTER,Acute Care Hospitals,333 COTTMAN AVENUE,PHILADELPHIA,PA,19111,PHILADELPHIA,PCH_28_FAC_ADHPCT,Influenza Vaccination Coverage among Healthcare Personnel: Adherence Rate,87,,10/01/2024,03/31/2025
390196,HOSPITAL OF THE FOX CHASE CANCER CENTER,Acute Care Hospitals,333 COTTMAN AVENUE,PHILADELPHIA,PA,19111,PHILADELPHIA,PCH_28_FAC_DEN,Influenza Vaccination Coverage among Healthcare Personnel: Denominator,2689,,10/01/2024,03/31/2025
390196,HOSPITAL OF THE FOX CHASE CANCER CENTER,Acute Care Hospitals,333 COTTMAN AVENUE,PHILADELPHIA,PA,19111,PHILADELPHIA,PCH_38_FAC_ADHPCT,Percentage of healthcare personnel who are up to date with COVID-19 vaccinations: Adherence Rate,0,,07/01/2025,09/30/2025
390196,HOSPITAL OF THE FOX CHASE CANCER CENTER,Acute Care Hospitals,333 COTTMAN AVENUE,PHILADELPHIA,PA,19111,PHILADELPHIA,PCH_38_FAC_DEN,Percentage of healthcare personnel who are up to date with COVID-19 vaccinations: Denominator,2560,,07/01/2025,09/30/2025
390196,HOSPITAL OF THE FOX CHASE CANCER CENTER,Acute Care Hospitals,333 COTTMAN AVENUE,PHILADELPHIA,PA,19111,PHILADELPHIA,PCH_4_DOPC,Central Line-Associated Bloodstream Infection (CLABSI): Number of Procedures,13058,,10/01/2024,09/30/2025
390196,HOSPITAL OF THE FOX CHASE CANCER CENTER,Acute Care Hospitals,333 COTTMAN AVENUE,PHILADELPHIA,PA,19111,PHILADELPHIA,PCH_4_ELIGCASES,Central Line-Associated Bloodstream Infection (CLABSI): Predicted Cases,11.898,,10/01/2024,09/30/2025
390196,HOSPITAL OF THE FOX CHASE CANCER CENTER,Acute Care Hospitals,333 COTTMAN AVENUE,PHILADELPHIA,PA,19111,PHILADELPHIA,PCH_4_NUMERATOR,Central Line-Associated Bloodstream Infection (CLABSI): Actual Infections,4,,10/01/2024,09/30/2025
390196,HOSPITAL OF THE FOX CHASE CANCER CENTER,Acute Care Hospitals,333 COTTMAN AVENUE,PHILADELPHIA,PA,19111,PHILADELPHIA,PCH_4_SIR,Central Line-Associated Bloodstream Infection (CLABSI): SIR,0.336,,10/01/2024,09/30/2025
390196,HOSPITAL OF THE FOX CHASE CANCER CENTER,Acute Care Hospitals,333 COTTMAN AVENUE,PHILADELPHIA,PA,19111,PHILADELPHIA,PCH_5_DOPC,Catheter-Associated Urinary Tract Infections (CAUTI): Number of Procedures,4774,,10/01/2024,09/30/2025
390196,HOSPITAL OF THE FOX CHASE CANCER CENTER,Acute Care Hospitals,333 COTTMAN AVENUE,PHILADELPHIA,PA,19111,PHILADELPHIA,PCH_5_ELIGCASES,Catheter-Associated Urinary Tract Infections (CAUTI): Predicted Cases,4.747,,10/01/2024,09/30/2025
390196,HOSPITAL OF THE FOX CHASE CANCER CENTER,Acute Care Hospitals,333 COTTMAN AVENUE,PHILADELPHIA,PA,19111,PHILADELPHIA,PCH_5_NUMERATOR,Catheter-Associated Urinary Tract Infections (CAUTI): Actual Infections,9,,10/01/2024,09/30/2025
390196,HOSPITAL OF THE FOX CHASE CANCER CENTER,Acute Care Hospitals,333 COTTMAN AVENUE,PHILADELPHIA,PA,19111,PHILADELPHIA,PCH_5_SIR,Catheter-Associated Urinary Tract Infections (CAUTI): SIR,1.896,,10/01/2024,09/30/2025
390196,HOSPITAL OF THE FOX CHASE CANCER CENTER,Acute Care Hospitals,333 COTTMAN AVENUE,PHILADELPHIA,PA,19111,PHILADELPHIA,PCH_6_DOPC,SSI - Colon Surgery: Number of Procedures,205,,10/01/2024,09/30/2025
390196,HOSPITAL OF THE FOX CHASE CANCER CENTER,Acute Care Hospitals,333 COTTMAN AVENUE,PHILADELPHIA,PA,19111,PHILADELPHIA,PCH_6_ELIGCASES,SSI - Colon Surgery: Predicted Cases,9.305,,10/01/2024,09/30/2025
390196,HOSPITAL OF THE FOX CHASE CANCER CENTER,Acute Care Hospitals,333 COTTMAN AVENUE,PHILADELPHIA,PA,19111,PHILADELPHIA,PCH_6_NUMERATOR,SSI - Colon Surgery: Actual Infections,9,,10/01/2024,09/30/2025
390196,HOSPITAL OF THE FOX CHASE CANCER CENTER,Acute Care Hospitals,333 COTTMAN AVENUE,PHILADELPHIA,PA,19111,PHILADELPHIA,PCH_6_SIR,SSI - Colon Surgery: SIR,0.967,,10/01/2024,09/30/2025
390196,HOSPITAL OF THE FOX CHASE CANCER CENTER,Acute Care Hospitals,333 COTTMAN AVENUE,PHILADELPHIA,PA,19111,PHILADELPHIA,PCH_7_DOPC,SSI - Abdominal Hysterectomy: Number of Procedures,237,,10/01/2024,09/30/2025
390196,HOSPITAL OF THE FOX CHASE CANCER CENTER,Acute Care Hospitals,333 COTTMAN AVENUE,PHILADELPHIA,PA,19111,PHILADELPHIA,PCH_7_ELIGCASES,SSI - Abdominal Hysterectomy: Predicted Cases,3.208,,10/01/2024,09/30/2025
390196,HOSPITAL OF THE FOX CHASE CANCER CENTER,Acute Care Hospitals,333 COTTMAN AVENUE,PHILADELPHIA,PA,19111,PHILADELPHIA,PCH_7_NUMERATOR,SSI - Abdominal Hysterectomy: Actual Infections,2,,10/01/2024,09/30/2025
390196,HOSPITAL OF THE FOX CHASE CANCER CENTER,Acute Care Hospitals,333 COTTMAN AVENUE,PHILADELPHIA,PA,19111,PHILADELPHIA,PCH_7_SIR,SSI - Abdominal Hysterectomy: SIR,0.623,,10/01/2024,09/30/2025
450076,"UNIVERSITY OF TEXAS M D ANDERSON CANCER CENTER,THE",Acute Care Hospitals,1515 HOLCOMBE BLVD,HOUSTON,TX,77030,HARRIS,PCH_26_DOPC,Clostridium Difficile (C.Diff): Patient Days,245098,,10/01/2024,09/30/2025
450076,"UNIVERSITY OF TEXAS M D ANDERSON CANCER CENTER,THE",Acute Care Hospitals,1515 HOLCOMBE BLVD,HOUSTON,TX,77030,HARRIS,PCH_26_ELIGCASES,Clostridium Difficile (C.Diff): Predicted Cases,332.027,,10/01/2024,09/30/2025
450076,"UNIVERSITY OF TEXAS M D ANDERSON CANCER CENTER,THE",Acute Care Hospitals,1515 HOLCOMBE BLVD,HOUSTON,TX,77030,HARRIS,PCH_26_NUMERATOR,Clostridium Difficile (C.Diff): Actual Infections,55,,10/01/2024,09/30/2025
450076,"UNIVERSITY OF TEXAS M D ANDERSON CANCER CENTER,THE",Acute Care Hospitals,1515 HOLCOMBE BLVD,HOUSTON,TX,77030,HARRIS,PCH_26_SIR,Clostridium Difficile (C.Diff): SIR,0.166,,10/01/2024,09/30/2025
450076,"UNIVERSITY OF TEXAS M D ANDERSON CANCER CENTER,THE",Acute Care Hospitals,1515 HOLCOMBE BLVD,HOUSTON,TX,77030,HARRIS,PCH_27_DOPC,MRSA Bacteremia: Patient Days,245098,,10/01/2024,09/30/2025
450076,"UNIVERSITY OF TEXAS M D ANDERSON CANCER CENTER,THE",Acute Care Hospitals,1515 HOLCOMBE BLVD,HOUSTON,TX,77030,HARRIS,PCH_27_ELIGCASES,MRSA Bacteremia: Predicted Cases,34.152,,10/01/2024,09/30/2025
450076,"UNIVERSITY OF TEXAS M D ANDERSON CANCER CENTER,THE",Acute Care Hospitals,1515 HOLCOMBE BLVD,HOUSTON,TX,77030,HARRIS,PCH_27_NUMERATOR,MRSA Bacteremia: Actual Infections,18,,10/01/2024,09/30/2025
450076,"UNIVERSITY OF TEXAS M D ANDERSON CANCER CENTER,THE",Acute Care Hospitals,1515 HOLCOMBE BLVD,HOUSTON,TX,77030,HARRIS,PCH_27_SIR,MRSA Bacteremia: SIR,0.527,,10/01/2024,09/30/2025
450076,"UNIVERSITY OF TEXAS M D ANDERSON CANCER CENTER,THE",Acute Care Hospitals,1515 HOLCOMBE BLVD,HOUSTON,TX,77030,HARRIS,PCH_28_FAC_ADHPCT,Influenza Vaccination Coverage among Healthcare Personnel: Adherence Rate,83,,10/01/2024,03/31/2025
450076,"UNIVERSITY OF TEXAS M D ANDERSON CANCER CENTER,THE",Acute Care Hospitals,1515 HOLCOMBE BLVD,HOUSTON,TX,77030,HARRIS,PCH_28_FAC_DEN,Influenza Vaccination Coverage among Healthcare Personnel: Denominator,27692,,10/01/2024,03/31/2025
450076,"UNIVERSITY OF TEXAS M D ANDERSON CANCER CENTER,THE",Acute Care Hospitals,1515 HOLCOMBE BLVD,HOUSTON,TX,77030,HARRIS,PCH_38_FAC_ADHPCT,Percentage of healthcare personnel who are up to date with COVID-19 vaccinations: Adherence Rate,32.4,,07/01/2025,09/30/2025
450076,"UNIVERSITY OF TEXAS M D ANDERSON CANCER CENTER,THE",Acute Care Hospitals,1515 HOLCOMBE BLVD,HOUSTON,TX,77030,HARRIS,PCH_38_FAC_DEN,Percentage of healthcare personnel who are up to date with COVID-19 vaccinations: Denominator,4306,,07/01/2025,09/30/2025
450076,"UNIVERSITY OF TEXAS M D ANDERSON CANCER CENTER,THE",Acute Care Hospitals,1515 HOLCOMBE BLVD,HOUSTON,TX,77030,HARRIS,PCH_4_DOPC,Central Line-Associated Bloodstream Infection (CLABSI): Number of Procedures,143781,,10/01/2024,09/30/2025
450076,"UNIVERSITY OF TEXAS M D ANDERSON CANCER CENTER,THE",Acute Care Hospitals,1515 HOLCOMBE BLVD,HOUSTON,TX,77030,HARRIS,PCH_4_ELIGCASES,Central Line-Associated Bloodstream Infection (CLABSI): Predicted Cases,158.385,,10/01/2024,09/30/2025
450076,"UNIVERSITY OF TEXAS M D ANDERSON CANCER CENTER,THE",Acute Care Hospitals,1515 HOLCOMBE BLVD,HOUSTON,TX,77030,HARRIS,PCH_4_NUMERATOR,Central Line-Associated Bloodstream Infection (CLABSI): Actual Infections,42,,10/01/2024,09/30/2025
450076,"UNIVERSITY OF TEXAS M D ANDERSON CANCER CENTER,THE",Acute Care Hospitals,1515 HOLCOMBE BLVD,HOUSTON,TX,77030,HARRIS,PCH_4_SIR,Central Line-Associated Bloodstream Infection (CLABSI): SIR,0.265,,10/01/2024,09/30/2025
450076,"UNIVERSITY OF TEXAS M D ANDERSON CANCER CENTER,THE",Acute Care Hospitals,1515 HOLCOMBE BLVD,HOUSTON,TX,77030,HARRIS,PCH_5_DOPC,Catheter-Associated Urinary Tract Infections (CAUTI): Number of Procedures,30750,,10/01/2024,09/30/2025
450076,"UNIVERSITY OF TEXAS M D ANDERSON CANCER CENTER,THE",Acute Care Hospitals,1515 HOLCOMBE BLVD,HOUSTON,TX,77030,HARRIS,PCH_5_ELIGCASES,Catheter-Associated Urinary Tract Infections (CAUTI): Predicted Cases,27.992,,10/01/2024,09/30/2025
450076,"UNIVERSITY OF TEXAS M D ANDERSON CANCER CENTER,THE",Acute Care Hospitals,1515 HOLCOMBE BLVD,HOUSTON,TX,77030,HARRIS,PCH_5_NUMERATOR,Catheter-Associated Urinary Tract Infections (CAUTI): Actual Infections,27,,10/01/2024,09/30/2025
450076,"UNIVERSITY OF TEXAS M D ANDERSON CANCER CENTER,THE",Acute Care Hospitals,1515 HOLCOMBE BLVD,HOUSTON,TX,77030,HARRIS,PCH_5_SIR,Catheter-Associated Urinary Tract Infections (CAUTI): SIR,0.965,,10/01/2024,09/30/2025
450076,"UNIVERSITY OF TEXAS M D ANDERSON CANCER CENTER,THE",Acute Care Hospitals,1515 HOLCOMBE BLVD,HOUSTON,TX,77030,HARRIS,PCH_6_DOPC,SSI - Colon Surgery: Number of Procedures,815,,10/01/2024,09/30/2025
450076,"UNIVERSITY OF TEXAS M D ANDERSON CANCER CENTER,THE",Acute Care Hospitals,1515 HOLCOMBE BLVD,HOUSTON,TX,77030,HARRIS,PCH_6_ELIGCASES,SSI - Colon Surgery: Predicted Cases,39.031,,10/01/2024,09/30/2025
450076,"UNIVERSITY OF TEXAS M D ANDERSON CANCER CENTER,THE",Acute Care Hospitals,1515 HOLCOMBE BLVD,HOUSTON,TX,77030,HARRIS,PCH_6_NUMERATOR,SSI - Colon Surgery: Actual Infections,24,,10/01/2024,09/30/2025
450076,"UNIVERSITY OF TEXAS M D ANDERSON CANCER CENTER,THE",Acute Care Hospitals,1515 HOLCOMBE BLVD,HOUSTON,TX,77030,HARRIS,PCH_6_SIR,SSI - Colon Surgery: SIR,0.615,,10/01/2024,09/30/2025
450076,"UNIVERSITY OF TEXAS M D ANDERSON CANCER CENTER,THE",Acute Care Hospitals,1515 HOLCOMBE BLVD,HOUSTON,TX,77030,HARRIS,PCH_7_DOPC,SSI - Abdominal Hysterectomy: Number of Procedures,273,,10/01/2024,09/30/2025
450076,"UNIVERSITY OF TEXAS M D ANDERSON CANCER CENTER,THE",Acute Care Hospitals,1515 HOLCOMBE BLVD,HOUSTON,TX,77030,HARRIS,PCH_7_ELIGCASES,SSI - Abdominal Hysterectomy: Predicted Cases,4.131,,10/01/2024,09/30/2025
450076,"UNIVERSITY OF TEXAS M D ANDERSON CANCER CENTER,THE",Acute Care Hospitals,1515 HOLCOMBE BLVD,HOUSTON,TX,77030,HARRIS,PCH_7_NUMERATOR,SSI - Abdominal Hysterectomy: Actual Infections,0,,10/01/2024,09/30/2025
450076,"UNIVERSITY OF TEXAS M D ANDERSON CANCER CENTER,THE",Acute Care Hospitals,1515 HOLCOMBE BLVD,HOUSTON,TX,77030,HARRIS,PCH_7_SIR,SSI - Abdominal Hysterectomy: SIR,0.000,,10/01/2024,09/30/2025
500138,FRED HUTCHINSON CANCER INSTITUTE,Acute Care Hospitals,825 EASTLAKE AVENUE EAST,SEATTLE,WA,98109,KING,PCH_26_DOPC,Clostridium Difficile (C.Diff): Patient Days,6734,,10/01/2024,09/30/2025
500138,FRED HUTCHINSON CANCER INSTITUTE,Acute Care Hospitals,825 EASTLAKE AVENUE EAST,SEATTLE,WA,98109,KING,PCH_26_ELIGCASES,Clostridium Difficile (C.Diff): Predicted Cases,2.695,,10/01/2024,09/30/2025
500138,FRED HUTCHINSON CANCER INSTITUTE,Acute Care Hospitals,825 EASTLAKE AVENUE EAST,SEATTLE,WA,98109,KING,PCH_26_NUMERATOR,Clostridium Difficile (C.Diff): Actual Infections,7,,10/01/2024,09/30/2025
500138,FRED HUTCHINSON CANCER INSTITUTE,Acute Care Hospitals,825 EASTLAKE AVENUE EAST,SEATTLE,WA,98109,KING,PCH_26_SIR,Clostridium Difficile (C.Diff): SIR,2.597,,10/01/2024,09/30/2025
500138,FRED HUTCHINSON CANCER INSTITUTE,Acute Care Hospitals,825 EASTLAKE AVENUE EAST,SEATTLE,WA,98109,KING,PCH_27_DOPC,MRSA Bacteremia: Patient Days,6734,13,10/01/2024,09/30/2025
500138,FRED HUTCHINSON CANCER INSTITUTE,Acute Care Hospitals,825 EASTLAKE AVENUE EAST,SEATTLE,WA,98109,KING,PCH_27_ELIGCASES,MRSA Bacteremia: Predicted Cases,0.434,13,10/01/2024,09/30/2025
500138,FRED HUTCHINSON CANCER INSTITUTE,Acute Care Hospitals,825 EASTLAKE AVENUE EAST,SEATTLE,WA,98109,KING,PCH_27_NUMERATOR,MRSA Bacteremia: Actual Infections,0,13,10/01/2024,09/30/2025
500138,FRED HUTCHINSON CANCER INSTITUTE,Acute Care Hospitals,825 EASTLAKE AVENUE EAST,SEATTLE,WA,98109,KING,PCH_27_SIR,MRSA Bacteremia: SIR,Not Available,13,10/01/2024,09/30/2025
500138,FRED HUTCHINSON CANCER INSTITUTE,Acute Care Hospitals,825 EASTLAKE AVENUE EAST,SEATTLE,WA,98109,KING,PCH_28_FAC_ADHPCT,Influenza Vaccination Coverage among Healthcare Personnel: Adherence Rate,55,,10/01/2024,03/31/2025
500138,FRED HUTCHINSON CANCER INSTITUTE,Acute Care Hospitals,825 EASTLAKE AVENUE EAST,SEATTLE,WA,98109,KING,PCH_28_FAC_DEN,Influenza Vaccination Coverage among Healthcare Personnel: Denominator,7978,,10/01/2024,03/31/2025
500138,FRED HUTCHINSON CANCER INSTITUTE,Acute Care Hospitals,825 EASTLAKE AVENUE EAST,SEATTLE,WA,98109,KING,PCH_38_FAC_ADHPCT,Percentage of healthcare personnel who are up to date with COVID-19 vaccinations: Adherence Rate,67,,07/01/2025,09/30/2025
500138,FRED HUTCHINSON CANCER INSTITUTE,Acute Care Hospitals,825 EASTLAKE AVENUE EAST,SEATTLE,WA,98109,KING,PCH_38_FAC_DEN,Percentage of healthcare personnel who are up to date with COVID-19 vaccinations: Denominator,8635,,07/01/2025,09/30/2025
500138,FRED HUTCHINSON CANCER INSTITUTE,Acute Care Hospitals,825 EASTLAKE AVENUE EAST,SEATTLE,WA,98109,KING,PCH_4_DOPC,Central Line-Associated Bloodstream Infection (CLABSI): Number of Procedures,6327,,10/01/2024,09/30/2025
500138,FRED HUTCHINSON CANCER INSTITUTE,Acute Care Hospitals,825 EASTLAKE AVENUE EAST,SEATTLE,WA,98109,KING,PCH_4_ELIGCASES,Central Line-Associated Bloodstream Infection (CLABSI): Predicted Cases,7.929,,10/01/2024,09/30/2025
500138,FRED HUTCHINSON CANCER INSTITUTE,Acute Care Hospitals,825 EASTLAKE AVENUE EAST,SEATTLE,WA,98109,KING,PCH_4_NUMERATOR,Central Line-Associated Bloodstream Infection (CLABSI): Actual Infections,11,,10/01/2024,09/30/2025
500138,FRED HUTCHINSON CANCER INSTITUTE,Acute Care Hospitals,825 EASTLAKE AVENUE EAST,SEATTLE,WA,98109,KING,PCH_4_SIR,Central Line-Associated Bloodstream Infection (CLABSI): SIR,1.387,,10/01/2024,09/30/2025
500138,FRED HUTCHINSON CANCER INSTITUTE,Acute Care Hospitals,825 EASTLAKE AVENUE EAST,SEATTLE,WA,98109,KING,PCH_5_DOPC,Catheter-Associated Urinary Tract Infections (CAUTI): Number of Procedures,144,13,10/01/2024,09/30/2025
500138,FRED HUTCHINSON CANCER INSTITUTE,Acute Care Hospitals,825 EASTLAKE AVENUE EAST,SEATTLE,WA,98109,KING,PCH_5_ELIGCASES,Catheter-Associated Urinary Tract Infections (CAUTI): Predicted Cases,0.147,13,10/01/2024,09/30/2025
500138,FRED HUTCHINSON CANCER INSTITUTE,Acute Care Hospitals,825 EASTLAKE AVENUE EAST,SEATTLE,WA,98109,KING,PCH_5_NUMERATOR,Catheter-Associated Urinary Tract Infections (CAUTI): Actual Infections,1,13,10/01/2024,09/30/2025
500138,FRED HUTCHINSON CANCER INSTITUTE,Acute Care Hospitals,825 EASTLAKE AVENUE EAST,SEATTLE,WA,98109,KING,PCH_5_SIR,Catheter-Associated Urinary Tract Infections (CAUTI): SIR,Not Available,13,10/01/2024,09/30/2025
500138,FRED HUTCHINSON CANCER INSTITUTE,Acute Care Hospitals,825 EASTLAKE AVENUE EAST,SEATTLE,WA,98109,KING,PCH_6_DOPC,SSI - Colon Surgery: Number of Procedures,Not Available,5,10/01/2024,09/30/2025
500138,FRED HUTCHINSON CANCER INSTITUTE,Acute Care Hospitals,825 EASTLAKE AVENUE EAST,SEATTLE,WA,98109,KING,PCH_6_ELIGCASES,SSI - Colon Surgery: Predicted Cases,Not Available,5,10/01/2024,09/30/2025
500138,FRED HUTCHINSON CANCER INSTITUTE,Acute Care Hospitals,825 EASTLAKE AVENUE EAST,SEATTLE,WA,98109,KING,PCH_6_NUMERATOR,SSI - Colon Surgery: Actual Infections,Not Available,5,10/01/2024,09/30/2025
500138,FRED HUTCHINSON CANCER INSTITUTE,Acute Care Hospitals,825 EASTLAKE AVENUE EAST,SEATTLE,WA,98109,KING,PCH_6_SIR,SSI - Colon Surgery: SIR,Not Available,5,10/01/2024,09/30/2025
500138,FRED HUTCHINSON CANCER INSTITUTE,Acute Care Hospitals,825 EASTLAKE AVENUE EAST,SEATTLE,WA,98109,KING,PCH_7_DOPC,SSI - Abdominal Hysterectomy: Number of Procedures,Not Available,5,10/01/2024,09/30/2025
500138,FRED HUTCHINSON CANCER INSTITUTE,Acute Care Hospitals,825 EASTLAKE AVENUE EAST,SEATTLE,WA,98109,KING,PCH_7_ELIGCASES,SSI - Abdominal Hysterectomy: Predicted Cases,Not Available,5,10/01/2024,09/30/2025
500138,FRED HUTCHINSON CANCER INSTITUTE,Acute Care Hospitals,825 EASTLAKE AVENUE EAST,SEATTLE,WA,98109,KING,PCH_7_NUMERATOR,SSI - Abdominal Hysterectomy: Actual Infections,Not Available,5,10/01/2024,09/30/2025
500138,FRED HUTCHINSON CANCER INSTITUTE,Acute Care Hospitals,825 EASTLAKE AVENUE EAST,SEATTLE,WA,98109,KING,PCH_7_SIR,SSI - Abdominal Hysterectomy: SIR,Not Available,5,10/01/2024,09/30/2025
