facility_id,facility_name,msa,msa_title,hcahps_hlmr,hcahps_hlmr_percentile,hcahps_start_date,hcahps_end_date,hcahps_footnote,comp_hip_knee,comp_hip_knee_percentile,comp_start_date,comp_end_date,comp_footnote,pro,pro_start_date,pro_end_date,reconciliation_footnote
010023,BAPTIST MEDICAL CENTER SOUTH,33860,"Montgomery, AL",84.69,53%,07/01/2023,06/30/2024,,4.29536,18%,04/01/2021,03/31/2024,,N,07/01/2022,06/30/2023,
040026,CHI ST. VINCENT HOSPITAL HOT SPRINGS,26300,"Hot Springs, AR",84.13,46%,07/01/2023,06/30/2024,,3.05659,81%,04/01/2021,03/31/2024,,N,07/01/2022,06/30/2023,
040078,NATIONAL PARK MEDICAL CENTER,26300,"Hot Springs, AR",80.31,10%,07/01/2023,06/30/2024,,3.60857,47%,04/01/2021,03/31/2024,,N,07/01/2022,06/30/2023,
050056,ANTELOPE VALLEY HOSPITAL,31080,"Los Angeles-Long Beach-Anaheim, CA",78.13,4%,07/01/2023,06/30/2024,,N/A,N/A,04/01/2021,03/31/2024,1,N,07/01/2022,06/30/2023,
050069,PROVIDENCE ST JOSEPH HOSPITAL,31080,"Los Angeles-Long Beach-Anaheim, CA",85.63,66%,07/01/2023,06/30/2024,,4.69222,9%,04/01/2021,03/31/2024,,N,07/01/2022,06/30/2023,
050078,PROVIDENCE LITTLE CO OF MARY MED CTR SAN PEDRO,31080,"Los Angeles-Long Beach-Anaheim, CA",83.75,40%,07/01/2023,06/30/2024,,N/A,N/A,04/01/2021,03/31/2024,1,N,07/01/2022,06/30/2023,
050096,WEST COVINA MEDICAL CENTER,31080,"Los Angeles-Long Beach-Anaheim, CA",N/A,N/A,07/01/2023,06/30/2024,***,N/A,N/A,04/01/2021,03/31/2024,,N,07/01/2022,06/30/2023,**
050104,SAINT FRANCIS MEDICAL CENTER,31080,"Los Angeles-Long Beach-Anaheim, CA",79.81,8%,07/01/2023,06/30/2024,,N/A,N/A,04/01/2021,03/31/2024,1,N,07/01/2022,06/30/2023,
050116,NORTHRIDGE HOSPITAL MEDICAL CENTER,31080,"Los Angeles-Long Beach-Anaheim, CA",82.5,26%,07/01/2023,06/30/2024,,3.78581,39%,04/01/2021,03/31/2024,,N,07/01/2022,06/30/2023,
050124,USC VERDUGO HILLS HOSPITAL,31080,"Los Angeles-Long Beach-Anaheim, CA",82.63,27%,07/01/2023,06/30/2024,,3.48305,55%,04/01/2021,03/31/2024,,N,07/01/2022,06/30/2023,
050126,VALLEY PRESBYTERIAN HOSPITAL,31080,"Los Angeles-Long Beach-Anaheim, CA",82.38,25%,07/01/2023,06/30/2024,,3.14787,75%,04/01/2021,03/31/2024,,N,07/01/2022,06/30/2023,
050132,SAN GABRIEL VALLEY MEDICAL CENTER,31080,"Los Angeles-Long Beach-Anaheim, CA",83.75,40%,07/01/2023,06/30/2024,,3.09608,79%,04/01/2021,03/31/2024,,N,07/01/2022,06/30/2023,
050135,SOUTHERN CALIFORNIA HOSPITAL AT HOLLYWOOD,31080,"Los Angeles-Long Beach-Anaheim, CA",74.19,1%,07/01/2023,06/30/2024,,N/A,N/A,04/01/2021,03/31/2024,1,N,07/01/2022,06/30/2023,
050168,PROVIDENCE ST JUDE MEDICAL CENTER,31080,"Los Angeles-Long Beach-Anaheim, CA",84.25,47%,07/01/2023,06/30/2024,,3.52482,52%,04/01/2021,03/31/2024,,N,07/01/2022,06/30/2023,
050169,PIH HEALTH HOSPITAL-WHITTIER,31080,"Los Angeles-Long Beach-Anaheim, CA",86.56,77%,07/01/2023,06/30/2024,,3.56998,49%,04/01/2021,03/31/2024,,N,07/01/2022,06/30/2023,
050191,ST MARY MEDICAL CENTER,31080,"Los Angeles-Long Beach-Anaheim, CA",82.56,26%,07/01/2023,06/30/2024,,N/A,N/A,04/01/2021,03/31/2024,5,N,07/01/2022,06/30/2023,
050204,PALMDALE REGIONAL MEDICAL CENTER,31080,"Los Angeles-Long Beach-Anaheim, CA",81.88,20%,07/01/2023,06/30/2024,,3.166,74%,04/01/2021,03/31/2024,,N,07/01/2022,06/30/2023,
050224,HOAG MEMORIAL HOSPITAL PRESBYTERIAN,31080,"Los Angeles-Long Beach-Anaheim, CA",86,71%,07/01/2023,06/30/2024,,N/A,N/A,04/01/2021,03/31/2024,5,N,07/01/2022,06/30/2023,
050226,AHMC ANAHEIM REGIONAL MEDICAL CENTER,31080,"Los Angeles-Long Beach-Anaheim, CA",81.25,16%,07/01/2023,06/30/2024,,N/A,N/A,04/01/2021,03/31/2024,1,N,07/01/2022,06/30/2023,
050230,GARDEN GROVE HOSPITAL & MEDICAL CENTER,31080,"Los Angeles-Long Beach-Anaheim, CA",79.44,7%,07/01/2023,06/30/2024,,N/A,N/A,04/01/2021,03/31/2024,1,N,07/01/2022,06/30/2023,
050231,POMONA VALLEY HOSPITAL MEDICAL CENTER,31080,"Los Angeles-Long Beach-Anaheim, CA",81.88,20%,07/01/2023,06/30/2024,,3.26038,69%,04/01/2021,03/31/2024,,N,07/01/2022,06/30/2023,
050238,METHODIST HOSPITAL OF SOUTHERN CA,31080,"Los Angeles-Long Beach-Anaheim, CA",81.25,16%,07/01/2023,06/30/2024,,3.37172,62%,04/01/2021,03/31/2024,,N,07/01/2022,06/30/2023,
050281,ALHAMBRA HOSPITAL MEDICAL CENTER,31080,"Los Angeles-Long Beach-Anaheim, CA",83.31,35%,07/01/2023,06/30/2024,,N/A,N/A,04/01/2021,03/31/2024,1,N,07/01/2022,06/30/2023,
050350,ADVENTIST HEALTH WHITE MEMORIAL MONTEBELLO,31080,"Los Angeles-Long Beach-Anaheim, CA",N/A,N/A,07/01/2023,06/30/2024,***,3.15803,74%,04/01/2021,03/31/2024,,N,07/01/2022,06/30/2023,**
050351,TORRANCE MEMORIAL MEDICAL CENTER,31080,"Los Angeles-Long Beach-Anaheim, CA",85.75,68%,07/01/2023,06/30/2024,,1.64549,100%,04/01/2021,03/31/2024,,N,07/01/2022,06/30/2023,
050353,PROVIDENCE LITTLE COMPANY OF MARY MEDICAL CENTER TORRANCE,31080,"Los Angeles-Long Beach-Anaheim, CA",83.13,33%,07/01/2023,06/30/2024,,2.91386,87%,04/01/2021,03/31/2024,,N,07/01/2022,06/30/2023,
050376,LAC/HARBOR-UCLA MED CENTER,31080,"Los Angeles-Long Beach-Anaheim, CA",78.06,4%,07/01/2023,06/30/2024,,3.25071,69%,04/01/2021,03/31/2024,,N,07/01/2022,06/30/2023,
050382,EMANATE HEALTH INTER-COMMUNITY HOSPITAL,31080,"Los Angeles-Long Beach-Anaheim, CA",79.88,8%,07/01/2023,06/30/2024,,3.4893,54%,04/01/2021,03/31/2024,,N,07/01/2022,06/30/2023,
050393,PIH HOSPITAL - DOWNEY,31080,"Los Angeles-Long Beach-Anaheim, CA",83.88,42%,07/01/2023,06/30/2024,,N/A,N/A,04/01/2021,03/31/2024,1,N,07/01/2022,06/30/2023,
050426,WEST ANAHEIM MEDICAL CENTER,31080,"Los Angeles-Long Beach-Anaheim, CA",79.44,7%,07/01/2023,06/30/2024,,N/A,N/A,04/01/2021,03/31/2024,1,N,07/01/2022,06/30/2023,
050471,GOOD SAMARITAN HOSPITAL,31080,"Los Angeles-Long Beach-Anaheim, CA",82.56,26%,07/01/2023,06/30/2024,,3.91078,33%,04/01/2021,03/31/2024,,N,07/01/2022,06/30/2023,
050481,WEST HILLS HOSPITAL & MEDICAL CENTER,31080,"Los Angeles-Long Beach-Anaheim, CA",78.81,5%,07/01/2023,06/30/2024,,3.12276,77%,04/01/2021,03/31/2024,,N,07/01/2022,06/30/2023,
050485,LONG BEACH MEMORIAL MEDICAL CENTER,31080,"Los Angeles-Long Beach-Anaheim, CA",83.75,40%,07/01/2023,06/30/2024,,6.21329,1%,04/01/2021,03/31/2024,,N,07/01/2022,06/30/2023,
050526,HUNTINGTON BEACH HOSPITAL,31080,"Los Angeles-Long Beach-Anaheim, CA",76.69,2%,07/01/2023,06/30/2024,,N/A,N/A,04/01/2021,03/31/2024,5,N,07/01/2022,06/30/2023,
050551,LOS ALAMITOS MEDICAL CENTER,31080,"Los Angeles-Long Beach-Anaheim, CA",77.88,3%,07/01/2023,06/30/2024,,N/A,N/A,04/01/2021,03/31/2024,1,N,07/01/2022,06/30/2023,
050570,FOUNTAIN VALLEY REGIONAL HOSPITAL & MEDICAL CENTER,31080,"Los Angeles-Long Beach-Anaheim, CA",78.63,5%,07/01/2023,06/30/2024,,3.04848,82%,04/01/2021,03/31/2024,,N,07/01/2022,06/30/2023,
050580,LA PALMA INTERCOMMUNITY HOSPITAL,31080,"Los Angeles-Long Beach-Anaheim, CA",80.5,11%,07/01/2023,06/30/2024,,N/A,N/A,04/01/2021,03/31/2024,1,N,07/01/2022,06/30/2023,
050581,LAKEWOOD REGIONAL MEDICAL CENTER,31080,"Los Angeles-Long Beach-Anaheim, CA",77.19,3%,07/01/2023,06/30/2024,,N/A,N/A,04/01/2021,03/31/2024,1,N,07/01/2022,06/30/2023,
050588,SAN DIMAS COMMUNITY HOSPITAL,31080,"Los Angeles-Long Beach-Anaheim, CA",79,6%,07/01/2023,06/30/2024,,4.46855,13%,04/01/2021,03/31/2024,,N,07/01/2022,06/30/2023,*
050589,PLACENTIA LINDA HOSPITAL,31080,"Los Angeles-Long Beach-Anaheim, CA",80.94,14%,07/01/2023,06/30/2024,,N/A,N/A,04/01/2021,03/31/2024,1,N,07/01/2022,06/30/2023,
050597,EMANATE HEALTH FOOTHILL PRESBYTERIAN HOSPITAL,31080,"Los Angeles-Long Beach-Anaheim, CA",80.5,11%,07/01/2023,06/30/2024,,N/A,N/A,04/01/2021,03/31/2024,1,N,07/01/2022,06/30/2023,
050603,MEMORIALCARE SADDLEBACK MEDICAL CENTER,31080,"Los Angeles-Long Beach-Anaheim, CA",84.69,53%,07/01/2023,06/30/2024,,N/A,N/A,04/01/2021,03/31/2024,1,N,07/01/2022,06/30/2023,
050624,HENRY MAYO NEWHALL  HOSPITAL,31080,"Los Angeles-Long Beach-Anaheim, CA",81,14%,07/01/2023,06/30/2024,,N/A,N/A,04/01/2021,03/31/2024,1,N,07/01/2022,06/30/2023,
050663,LOS ANGELES COMMUNITY HOSPITAL,31080,"Los Angeles-Long Beach-Anaheim, CA",68.63,0%,07/01/2023,06/30/2024,,N/A,N/A,04/01/2021,03/31/2024,1,N,07/01/2022,06/30/2023,
050678,MEMORIALCARE ORANGE COAST MEDICAL CENTER,31080,"Los Angeles-Long Beach-Anaheim, CA",84.56,51%,07/01/2023,06/30/2024,,N/A,N/A,04/01/2021,03/31/2024,1,N,07/01/2022,06/30/2023,
050696,KECK HOSPITAL OF USC,31080,"Los Angeles-Long Beach-Anaheim, CA",87,82%,07/01/2023,06/30/2024,,2.8356,90%,04/01/2021,03/31/2024,,N,07/01/2022,06/30/2023,
050704,MISSION COMMUNITY HOSPITAL,31080,"Los Angeles-Long Beach-Anaheim, CA",76.69,2%,07/01/2023,06/30/2024,,4.04728,26%,04/01/2021,03/31/2024,,N,07/01/2022,06/30/2023,*
050717,LAC/RANCHO LOS AMIGOS NATIONAL REHABILITATION  CENTER,31080,"Los Angeles-Long Beach-Anaheim, CA",87.31,85%,07/01/2023,06/30/2024,,N/A,N/A,04/01/2021,03/31/2024,1,N,07/01/2022,06/30/2023,
050735,WHITTIER HOSPITAL MEDICAL CENTER,31080,"Los Angeles-Long Beach-Anaheim, CA",81.06,14%,07/01/2023,06/30/2024,,N/A,N/A,04/01/2021,03/31/2024,1,N,07/01/2022,06/30/2023,
050736,MONTEREY PARK HOSPITAL,31080,"Los Angeles-Long Beach-Anaheim, CA",78.63,5%,07/01/2023,06/30/2024,,N/A,N/A,04/01/2021,03/31/2024,1,N,07/01/2022,06/30/2023,
050737,GARFIELD MEDICAL CENTER,31080,"Los Angeles-Long Beach-Anaheim, CA",81.94,20%,07/01/2023,06/30/2024,,N/A,N/A,04/01/2021,03/31/2024,1,N,07/01/2022,06/30/2023,
050739,CENTINELA HOSPITAL MEDICAL CENTER,31080,"Los Angeles-Long Beach-Anaheim, CA",75.31,1%,07/01/2023,06/30/2024,,N/A,N/A,04/01/2021,03/31/2024,1,N,07/01/2022,06/30/2023,
050740,CEDAR-SINAI MARINA DEL REY HOSPITAL,31080,"Los Angeles-Long Beach-Anaheim, CA",81.88,20%,07/01/2023,06/30/2024,,3.61884,46%,04/01/2021,03/31/2024,,N,07/01/2022,06/30/2023,
050745,CHAPMAN GLOBAL MEDICAL CENTER,31080,"Los Angeles-Long Beach-Anaheim, CA",79.56,7%,07/01/2023,06/30/2024,,2.679,93%,04/01/2021,03/31/2024,,N,07/01/2022,06/30/2023,
050746,ORANGE COUNTY GLOBAL MEDICAL CENTER,31080,"Los Angeles-Long Beach-Anaheim, CA",76.56,2%,07/01/2023,06/30/2024,,N/A,N/A,04/01/2021,03/31/2024,1,N,07/01/2022,06/30/2023,
050755,SHERMAN OAKS HOSPITAL,31080,"Los Angeles-Long Beach-Anaheim, CA",74.5,1%,07/01/2023,06/30/2024,,3.16581,74%,04/01/2021,03/31/2024,,N,07/01/2022,06/30/2023,
050763,"L A DOWNTOWN MEDICAL CENTER, LLC",31080,"Los Angeles-Long Beach-Anaheim, CA",N/A,N/A,07/01/2023,06/30/2024,***,N/A,N/A,04/01/2021,03/31/2024,1,N,07/01/2022,06/30/2023,
050769,HOAG ORTHOPEDIC INSTITUTE,31080,"Los Angeles-Long Beach-Anaheim, CA",89.75,96%,07/01/2023,06/30/2024,,3.34146,64%,04/01/2021,03/31/2024,,N,07/01/2022,06/30/2023,
070005,WATERBURY HOSPITAL,35300,"New Haven-Milford, CT",80.44,10%,07/01/2023,06/30/2024,,N/A,N/A,04/01/2021,03/31/2024,1,N,07/01/2022,06/30/2023,
070016,SAINT MARY'S HOSPITAL,35300,"New Haven-Milford, CT",81.25,16%,07/01/2023,06/30/2024,,N/A,N/A,04/01/2021,03/31/2024,1,N,07/01/2022,06/30/2023,
070017,MIDSTATE MEDICAL CENTER,35300,"New Haven-Milford, CT",86.13,72%,07/01/2023,06/30/2024,,4.65394,9%,04/01/2021,03/31/2024,,N,07/01/2022,06/30/2023,
070031,GRIFFIN HOSPITAL,35300,"New Haven-Milford, CT",86.5,76%,07/01/2023,06/30/2024,,4.35583,16%,04/01/2021,03/31/2024,,N,07/01/2022,06/30/2023,
100002,BETHESDA HOSPITAL EAST,33100,"Miami-Fort Lauderdale-West Palm Beach, FL",77.88,3%,07/01/2023,06/30/2024,,4.06696,25%,04/01/2021,03/31/2024,,N,07/01/2022,06/30/2023,*
100006,ORLANDO HEALTH ORLANDO REGIONAL MEDICAL CENTER,36740,"Orlando-Kissimmee-Sanford, FL",84,43%,07/01/2023,06/30/2024,,3.02598,83%,04/01/2021,03/31/2024,,N,07/01/2022,06/30/2023,
100008,BAPTIST HOSPITAL OF MIAMI,33100,"Miami-Fort Lauderdale-West Palm Beach, FL",84.5,50%,07/01/2023,06/30/2024,,N/A,N/A,04/01/2021,03/31/2024,1,N,07/01/2022,06/30/2023,
100029,STEWARD NORTH SHORE MEDICAL CENTER,33100,"Miami-Fort Lauderdale-West Palm Beach, FL",74.69,1%,07/01/2023,06/30/2024,,3.8306,36%,04/01/2021,03/31/2024,,N,07/01/2022,06/30/2023,
100030,ORLANDO HEALTH-HEALTH CENTRAL HOSPITAL,36740,"Orlando-Kissimmee-Sanford, FL",83.69,40%,07/01/2023,06/30/2024,,3.78955,39%,04/01/2021,03/31/2024,,N,07/01/2022,06/30/2023,
100034,MOUNT SINAI MEDICAL CENTER,33100,"Miami-Fort Lauderdale-West Palm Beach, FL",81.63,18%,07/01/2023,06/30/2024,,2.69188,93%,04/01/2021,03/31/2024,,N,07/01/2022,06/30/2023,
100039,BROWARD HEALTH MEDICAL CENTER,33100,"Miami-Fort Lauderdale-West Palm Beach, FL",79.13,6%,07/01/2023,06/30/2024,,N/A,N/A,04/01/2021,03/31/2024,1,N,07/01/2022,06/30/2023,
100043,MEASE DUNEDIN HOSPITAL,45300,"Tampa-St. Petersburg-Clearwater, FL",87.88,89%,07/01/2023,06/30/2024,,3.0453,82%,04/01/2021,03/31/2024,,N,07/01/2022,06/30/2023,
100044,CLEVELAND CLINIC MARTIN NORTH HOSPITAL,38940,"Port St. Lucie, FL",80.06,9%,07/01/2023,06/30/2024,,3.89765,33%,04/01/2021,03/31/2024,,N,07/01/2022,06/30/2023,
100046,ADVENTHEALTH ZEPHYRHILLS,45300,"Tampa-St. Petersburg-Clearwater, FL",84.06,44%,07/01/2023,06/30/2024,,N/A,N/A,04/01/2021,03/31/2024,1,N,07/01/2022,06/30/2023,
100050,LARKIN COMMUNITY HOSPITAL PALM SPRINGS CAMPUS,33100,"Miami-Fort Lauderdale-West Palm Beach, FL",82.44,25%,07/01/2023,06/30/2024,,N/A,N/A,04/01/2021,03/31/2024,5,N,07/01/2022,06/30/2023,
100051,ORLANDO HEALTH SOUTH LAKE HOSPITAL,36740,"Orlando-Kissimmee-Sanford, FL",84,43%,07/01/2023,06/30/2024,,5.13644,3%,04/01/2021,03/31/2024,,N,07/01/2022,06/30/2023,
100053,STEWARD HIALEAH HOSPITAL,33100,"Miami-Fort Lauderdale-West Palm Beach, FL",81.56,18%,07/01/2023,06/30/2024,,N/A,N/A,04/01/2021,03/31/2024,1,N,07/01/2022,06/30/2023,
100055,ADVENTHEALTH NORTH PINELLAS,45300,"Tampa-St. Petersburg-Clearwater, FL",84.31,48%,07/01/2023,06/30/2024,,N/A,N/A,04/01/2021,03/31/2024,1,N,07/01/2022,06/30/2023,
100057,ADVENTHEALTH WATERMAN,36740,"Orlando-Kissimmee-Sanford, FL",84.63,52%,07/01/2023,06/30/2024,,2.72177,92%,04/01/2021,03/31/2024,,N,07/01/2022,06/30/2023,
100063,MORTON PLANT NORTH BAY HOSPITAL,45300,"Tampa-St. Petersburg-Clearwater, FL",86.88,81%,07/01/2023,06/30/2024,,N/A,N/A,04/01/2021,03/31/2024,1,N,07/01/2022,06/30/2023,
100069,ADVENTHEALTH CARROLLWOOD,45300,"Tampa-St. Petersburg-Clearwater, FL",84.81,54%,07/01/2023,06/30/2024,,3.18083,73%,04/01/2021,03/31/2024,,N,07/01/2022,06/30/2023,
100071,BRAVERA HEALTH BROOKSVILLE,45300,"Tampa-St. Petersburg-Clearwater, FL",77.81,3%,07/01/2023,06/30/2024,,N/A,N/A,04/01/2021,03/31/2024,1,N,07/01/2022,06/30/2023,
100073,HOLY CROSS HOSPITAL,33100,"Miami-Fort Lauderdale-West Palm Beach, FL",80.75,12%,07/01/2023,06/30/2024,,2.56556,95%,04/01/2021,03/31/2024,,N,07/01/2022,06/30/2023,
100075,ST JOSEPHS HOSPITAL,45300,"Tampa-St. Petersburg-Clearwater, FL",86.25,74%,07/01/2023,06/30/2024,,N/A,N/A,04/01/2021,03/31/2024,1,N,07/01/2022,06/30/2023,
100080,HCA FLORIDA JFK HOSPITAL,33100,"Miami-Fort Lauderdale-West Palm Beach, FL",76,2%,07/01/2023,06/30/2024,,4.25112,19%,04/01/2021,03/31/2024,,N,07/01/2022,06/30/2023,*
100084,UF HEALTH LEESBURG HOSPITAL,36740,"Orlando-Kissimmee-Sanford, FL",83.75,40%,07/01/2023,06/30/2024,,3.83746,36%,04/01/2021,03/31/2024,,N,07/01/2022,06/30/2023,
100110,HCA FLORIDA OSCEOLA HOSPITAL,36740,"Orlando-Kissimmee-Sanford, FL",78.25,4%,07/01/2023,06/30/2024,,N/A,N/A,04/01/2021,03/31/2024,1,N,07/01/2022,06/30/2023,
100125,HOMESTEAD HOSPITAL,33100,"Miami-Fort Lauderdale-West Palm Beach, FL",84.38,49%,07/01/2023,06/30/2024,,N/A,N/A,04/01/2021,03/31/2024,1,N,07/01/2022,06/30/2023,
100126,HCA FLORIDA PASADENA HOSPITAL,45300,"Tampa-St. Petersburg-Clearwater, FL",84.75,53%,07/01/2023,06/30/2024,,3.57723,48%,04/01/2021,03/31/2024,,N,07/01/2022,06/30/2023,
100127,MORTON PLANT HOSPITAL,45300,"Tampa-St. Petersburg-Clearwater, FL",86,71%,07/01/2023,06/30/2024,,3.26798,68%,04/01/2021,03/31/2024,,N,07/01/2022,06/30/2023,
100131,HCA FLORIDA AVENTURA HOSPITAL,33100,"Miami-Fort Lauderdale-West Palm Beach, FL",81.38,17%,07/01/2023,06/30/2024,,3.4707,56%,04/01/2021,03/31/2024,,N,07/01/2022,06/30/2023,
100132,SOUTH FLORIDA BAPTIST HOSPITAL,45300,"Tampa-St. Petersburg-Clearwater, FL",85.38,62%,07/01/2023,06/30/2024,,N/A,N/A,04/01/2021,03/31/2024,1,N,07/01/2022,06/30/2023,
100154,SOUTH MIAMI HOSPITAL,33100,"Miami-Fort Lauderdale-West Palm Beach, FL",84.69,53%,07/01/2023,06/30/2024,,N/A,N/A,04/01/2021,03/31/2024,1,N,07/01/2022,06/30/2023,
100161,HCA FLORIDA LAKE MONROE HOSPITAL,36740,"Orlando-Kissimmee-Sanford, FL",78.69,5%,07/01/2023,06/30/2024,,4.26698,19%,04/01/2021,03/31/2024,,N,07/01/2022,06/30/2023,*
100167,HCA FLORIDA MERCY HOSPITAL,33100,"Miami-Fort Lauderdale-West Palm Beach, FL",79.63,7%,07/01/2023,06/30/2024,,3.8675,35%,04/01/2021,03/31/2024,,N,07/01/2022,06/30/2023,
100168,BOCA RATON REGIONAL HOSPITAL,33100,"Miami-Fort Lauderdale-West Palm Beach, FL",79,6%,07/01/2023,06/30/2024,,4.00539,28%,04/01/2021,03/31/2024,,N,07/01/2022,06/30/2023,*
100173,ADVENTHEALTH TAMPA,45300,"Tampa-St. Petersburg-Clearwater, FL",82.56,26%,07/01/2023,06/30/2024,,3.77721,39%,04/01/2021,03/31/2024,,N,07/01/2022,06/30/2023,
100176,PALM BEACH GARDENS MEDICAL CENTER,33100,"Miami-Fort Lauderdale-West Palm Beach, FL",77.63,3%,07/01/2023,06/30/2024,,3.71614,43%,04/01/2021,03/31/2024,,N,07/01/2022,06/30/2023,
100180,HCA FLORIDA ST PETERSBURG HOSPITAL,45300,"Tampa-St. Petersburg-Clearwater, FL",81.06,14%,07/01/2023,06/30/2024,,N/A,N/A,04/01/2021,03/31/2024,1,N,07/01/2022,06/30/2023,
100181,LARKIN COMMUNITY HOSPITAL,33100,"Miami-Fort Lauderdale-West Palm Beach, FL",N/A,N/A,07/01/2023,06/30/2024,***,N/A,N/A,04/01/2021,03/31/2024,1,N,07/01/2022,06/30/2023,
100183,STEWARD CORAL GABLES HOSPITAL,33100,"Miami-Fort Lauderdale-West Palm Beach, FL",82.75,28%,07/01/2023,06/30/2024,,N/A,N/A,04/01/2021,03/31/2024,1,N,07/01/2022,06/30/2023,
100187,STEWARD PALMETTO GENERAL HOSPITAL,33100,"Miami-Fort Lauderdale-West Palm Beach, FL",79.13,6%,07/01/2023,06/30/2024,,3.41424,59%,04/01/2021,03/31/2024,,N,07/01/2022,06/30/2023,
100189,HCA FLORIDA NORTHWEST HOSPITAL,33100,"Miami-Fort Lauderdale-West Palm Beach, FL",75.81,2%,07/01/2023,06/30/2024,,N/A,N/A,04/01/2021,03/31/2024,1,N,07/01/2022,06/30/2023,
100191,HCA FLORIDA TRINITY HOSPITAL,45300,"Tampa-St. Petersburg-Clearwater, FL",82,21%,07/01/2023,06/30/2024,,4.03721,26%,04/01/2021,03/31/2024,,N,07/01/2022,06/30/2023,*
100200,BROWARD HEALTH IMPERIAL POINT,33100,"Miami-Fort Lauderdale-West Palm Beach, FL",80.94,14%,07/01/2023,06/30/2024,,N/A,N/A,04/01/2021,03/31/2024,1,N,07/01/2022,06/30/2023,
100204,HCA FLORIDA NORTH FLORIDA HOSPITAL,23540,"Gainesville, FL",78.81,5%,07/01/2023,06/30/2024,,2.89276,88%,04/01/2021,03/31/2024,,N,07/01/2022,06/30/2023,
100206,HCA FLORIDA SOUTH TAMPA HOSPITAL,45300,"Tampa-St. Petersburg-Clearwater, FL",85.25,61%,07/01/2023,06/30/2024,,N/A,N/A,04/01/2021,03/31/2024,1,N,07/01/2022,06/30/2023,
100209,HCA FLORIDA KENDALL HOSPITAL,33100,"Miami-Fort Lauderdale-West Palm Beach, FL",81.38,17%,07/01/2023,06/30/2024,,N/A,N/A,04/01/2021,03/31/2024,1,N,07/01/2022,06/30/2023,
100211,ADVENTHEALTH DADE CITY,45300,"Tampa-St. Petersburg-Clearwater, FL",84.25,47%,07/01/2023,06/30/2024,,N/A,N/A,04/01/2021,03/31/2024,5,N,07/01/2022,06/30/2023,
100224,HCA FLORIDA WOODMONT HOSPITAL,33100,"Miami-Fort Lauderdale-West Palm Beach, FL",76.5,2%,07/01/2023,06/30/2024,,3.80816,37%,04/01/2021,03/31/2024,,N,07/01/2022,06/30/2023,
100228,HCA FLORIDA WESTSIDE HOSPITAL,33100,"Miami-Fort Lauderdale-West Palm Beach, FL",78.06,4%,07/01/2023,06/30/2024,,N/A,N/A,04/01/2021,03/31/2024,1,N,07/01/2022,06/30/2023,
100230,MEMORIAL HOSPITAL PEMBROKE,33100,"Miami-Fort Lauderdale-West Palm Beach, FL",84.44,49%,07/01/2023,06/30/2024,,N/A,N/A,04/01/2021,03/31/2024,5,N,07/01/2022,06/30/2023,
100253,Jupiter Medical Center,33100,"Miami-Fort Lauderdale-West Palm Beach, FL",83.75,40%,07/01/2023,06/30/2024,,2.51725,96%,04/01/2021,03/31/2024,,N,07/01/2022,06/30/2023,
100258,DELRAY MEDICAL CENTER,33100,"Miami-Fort Lauderdale-West Palm Beach, FL",72,0%,07/01/2023,06/30/2024,,4.93657,5%,04/01/2021,03/31/2024,,N,07/01/2022,06/30/2023,*
100259,HCA FLORIDA SOUTH SHORE HOSPITAL,45300,"Tampa-St. Petersburg-Clearwater, FL",80.19,9%,07/01/2023,06/30/2024,,3.03389,83%,04/01/2021,03/31/2024,,N,07/01/2022,06/30/2023,
100260,HCA FLORIDA ST LUCIE HOSPITAL,38940,"Port St. Lucie, FL",83.13,33%,07/01/2023,06/30/2024,,3.09344,80%,04/01/2021,03/31/2024,,N,07/01/2022,06/30/2023,
100264,HCA FLORIDA OAK HILL HOSPITAL,45300,"Tampa-St. Petersburg-Clearwater, FL",79.63,7%,07/01/2023,06/30/2024,,5.70891,1%,04/01/2021,03/31/2024,,N,07/01/2022,06/30/2023,*
100268,WEST BOCA MEDICAL CENTER,33100,"Miami-Fort Lauderdale-West Palm Beach, FL",73.69,1%,07/01/2023,06/30/2024,,N/A,N/A,04/01/2021,03/31/2024,1,N,07/01/2022,06/30/2023,
100269,HCA FLORIDA PALMS WEST HOSPITAL,33100,"Miami-Fort Lauderdale-West Palm Beach, FL",79.5,7%,07/01/2023,06/30/2024,,N/A,N/A,04/01/2021,03/31/2024,1,N,07/01/2022,06/30/2023,
100275,WELLINGTON REGIONAL MEDICAL CENTER,33100,"Miami-Fort Lauderdale-West Palm Beach, FL",76.63,2%,07/01/2023,06/30/2024,,4.29307,18%,04/01/2021,03/31/2024,,N,07/01/2022,06/30/2023,*
100276,BROWARD HEALTH CORAL SPRINGS,33100,"Miami-Fort Lauderdale-West Palm Beach, FL",81.06,14%,07/01/2023,06/30/2024,,N/A,N/A,04/01/2021,03/31/2024,1,N,07/01/2022,06/30/2023,
100281,MEMORIAL HOSPITAL WEST,33100,"Miami-Fort Lauderdale-West Palm Beach, FL",84.25,47%,07/01/2023,06/30/2024,,4.07058,25%,04/01/2021,03/31/2024,,N,07/01/2022,06/30/2023,
100284,KERALTY HOSPITAL,33100,"Miami-Fort Lauderdale-West Palm Beach, FL",80.25,10%,07/01/2023,06/30/2024,,N/A,N/A,04/01/2021,03/31/2024,1,N,07/01/2022,06/30/2023,
100285,MEMORIAL HOSPITAL MIRAMAR,33100,"Miami-Fort Lauderdale-West Palm Beach, FL",86.5,76%,07/01/2023,06/30/2024,,N/A,N/A,04/01/2021,03/31/2024,1,N,07/01/2022,06/30/2023,
100287,GOOD SAMARITAN MEDICAL CENTER,33100,"Miami-Fort Lauderdale-West Palm Beach, FL",77.38,3%,07/01/2023,06/30/2024,,3.96054,29%,04/01/2021,03/31/2024,,N,07/01/2022,06/30/2023,*
100288,ST MARY'S MEDICAL CENTER,33100,"Miami-Fort Lauderdale-West Palm Beach, FL",78,4%,07/01/2023,06/30/2024,,N/A,N/A,04/01/2021,03/31/2024,1,N,07/01/2022,06/30/2023,
100296,DOCTORS HOSPITAL,33100,"Miami-Fort Lauderdale-West Palm Beach, FL",83.75,40%,07/01/2023,06/30/2024,,2.50052,96%,04/01/2021,03/31/2024,,N,07/01/2022,06/30/2023,
100302,ORLANDO HEALTH ST CLOUD HOSPITAL,36740,"Orlando-Kissimmee-Sanford, FL",81.19,15%,07/01/2023,06/30/2024,,N/A,N/A,04/01/2021,03/31/2024,1,N,07/01/2022,06/30/2023,
100314,WEST KENDALL BAPTIST HOSPITAL,33100,"Miami-Fort Lauderdale-West Palm Beach, FL",85.06,58%,07/01/2023,06/30/2024,,N/A,N/A,04/01/2021,03/31/2024,5,N,07/01/2022,06/30/2023,
100319,ADVENTHEALTH WESLEY CHAPEL,45300,"Tampa-St. Petersburg-Clearwater, FL",87.63,88%,07/01/2023,06/30/2024,,3.60624,47%,04/01/2021,03/31/2024,,N,07/01/2022,06/30/2023,
180001,ST ELIZABETH FT THOMAS,17140,"Cincinnati, OH-KY-IN",85.69,67%,07/01/2023,06/30/2024,,N/A,N/A,04/01/2021,03/31/2024,5,N,07/01/2022,06/30/2023,**
180035,ST ELIZABETH MEDICAL CENTER NORTH,17140,"Cincinnati, OH-KY-IN",87.13,83%,07/01/2023,06/30/2024,,4.54204,11%,04/01/2021,03/31/2024,,N,07/01/2022,06/30/2023,
180045,ST ELIZABETH FLORENCE,17140,"Cincinnati, OH-KY-IN",85.5,64%,07/01/2023,06/30/2024,,N/A,N/A,04/01/2021,03/31/2024,1,N,07/01/2022,06/30/2023,
190036,OCHSNER MEDICAL CENTER,35380,"New Orleans-Metairie, LA",85.38,62%,07/01/2023,06/30/2024,,3.12143,77%,04/01/2021,03/31/2024,,N,07/01/2022,06/30/2023,
190039,WEST JEFFERSON MEDICAL CENTER,35380,"New Orleans-Metairie, LA",85.5,64%,07/01/2023,06/30/2024,,N/A,N/A,04/01/2021,03/31/2024,1,N,07/01/2022,06/30/2023,
190040,SLIDELL MEMORIAL HOSPITAL,35380,"New Orleans-Metairie, LA",82.63,27%,07/01/2023,06/30/2024,,N/A,N/A,04/01/2021,03/31/2024,1,N,07/01/2022,06/30/2023,
190045,ST TAMMANY PARISH HOSPITAL,35380,"New Orleans-Metairie, LA",87.75,88%,07/01/2023,06/30/2024,,3.79773,38%,04/01/2021,03/31/2024,,N,07/01/2022,06/30/2023,
190046,TOURO INFIRMARY,35380,"New Orleans-Metairie, LA",86.63,78%,07/01/2023,06/30/2024,,2.87104,89%,04/01/2021,03/31/2024,,N,07/01/2022,06/30/2023,
190125,ST FRANCIS MEDICAL CENTER,33740,"Monroe, LA",85.56,65%,07/01/2023,06/30/2024,,N/A,N/A,04/01/2021,03/31/2024,1,N,07/01/2022,06/30/2023,
190146,EAST JEFFERSON GENERAL HOSPITAL,35380,"New Orleans-Metairie, LA",N/A,N/A,07/01/2023,06/30/2024,***,N/A,N/A,04/01/2021,03/31/2024,,N,07/01/2022,06/30/2023,
190160,GLENWOOD REGIONAL MEDICAL CENTER,33740,"Monroe, LA",84.75,53%,07/01/2023,06/30/2024,,3.51762,53%,04/01/2021,03/31/2024,,N,07/01/2022,06/30/2023,
190176,EAST JEFFERSON GENERAL HOSPITAL,35380,"New Orleans-Metairie, LA",84.31,48%,07/01/2023,06/30/2024,,2.90894,88%,04/01/2021,03/31/2024,,N,07/01/2022,06/30/2023,
190204,"OCHSNER MEDICAL CENTER - NORTHSHORE, L L C",35380,"New Orleans-Metairie, LA",N/A,N/A,07/01/2023,06/30/2024,***,N/A,N/A,04/01/2021,03/31/2024,,N,07/01/2022,06/30/2023,
190256,STERLING SURGICAL HOSPITAL,35380,"New Orleans-Metairie, LA",N/A,N/A,07/01/2023,06/30/2024,***,3.51728,53%,04/01/2021,03/31/2024,,N,07/01/2022,06/30/2023,
190267,AVALA,35380,"New Orleans-Metairie, LA",93.44,100%,07/01/2023,06/30/2024,,3.63978,46%,04/01/2021,03/31/2024,,N,07/01/2022,06/30/2023,
190270,OUR LADY OF THE LAKE SURGICAL HOSPITAL,35380,"New Orleans-Metairie, LA",93.56,100%,07/01/2023,06/30/2024,,N/A,N/A,04/01/2021,03/31/2024,1,N,07/01/2022,06/30/2023,
190274,OCHSNER MEDICAL CENTER-KENNER,35380,"New Orleans-Metairie, LA",84.38,49%,07/01/2023,06/30/2024,,N/A,N/A,04/01/2021,03/31/2024,1,N,07/01/2022,06/30/2023,
310001,HACKENSACK UNIVERSITY MEDICAL CENTER,35620,"New York-Newark-Jersey City, NY-NJ-PA",83,31%,07/01/2023,06/30/2024,,3.15819,74%,04/01/2021,03/31/2024,,N,07/01/2022,06/30/2023,
310002,NEWARK BETH ISRAEL MEDICAL CENTER,35620,"New York-Newark-Jersey City, NY-NJ-PA",80.44,10%,07/01/2023,06/30/2024,,N/A,N/A,04/01/2021,03/31/2024,1,N,07/01/2022,06/30/2023,
310003,PALISADES MEDICAL CENTER,35620,"New York-Newark-Jersey City, NY-NJ-PA",81.69,19%,07/01/2023,06/30/2024,,N/A,N/A,04/01/2021,03/31/2024,1,N,07/01/2022,06/30/2023,
310005,HUNTERDON MEDICAL CENTER,35620,"New York-Newark-Jersey City, NY-NJ-PA",83,31%,07/01/2023,06/30/2024,,2.64812,94%,04/01/2021,03/31/2024,,N,07/01/2022,06/30/2023,
310006,ST MARY'S GENERAL HOSPITAL,35620,"New York-Newark-Jersey City, NY-NJ-PA",81.63,18%,07/01/2023,06/30/2024,,N/A,N/A,04/01/2021,03/31/2024,1,N,07/01/2022,06/30/2023,
310008,HOLY NAME MEDICAL CENTER,35620,"New York-Newark-Jersey City, NY-NJ-PA",85.94,70%,07/01/2023,06/30/2024,,4.78387,6%,04/01/2021,03/31/2024,,N,07/01/2022,06/30/2023,
310009,CLARA MAASS MEDICAL CENTER,35620,"New York-Newark-Jersey City, NY-NJ-PA",79.06,6%,07/01/2023,06/30/2024,,N/A,N/A,04/01/2021,03/31/2024,1,N,07/01/2022,06/30/2023,
310010,PENN MEDICINE PRINCETON MEDICAL CENTER,35620,"New York-Newark-Jersey City, NY-NJ-PA",84.38,49%,07/01/2023,06/30/2024,,4.01375,28%,04/01/2021,03/31/2024,,N,07/01/2022,06/30/2023,
310012,VALLEY HOSPITAL,35620,"New York-Newark-Jersey City, NY-NJ-PA",83.81,41%,07/01/2023,06/30/2024,,3.65669,45%,04/01/2021,03/31/2024,,N,07/01/2022,06/30/2023,
310015,MORRISTOWN MEDICAL CENTER,35620,"New York-Newark-Jersey City, NY-NJ-PA",85.06,58%,07/01/2023,06/30/2024,,3.2986,66%,04/01/2021,03/31/2024,,N,07/01/2022,06/30/2023,
310016,CAREPOINT HEALTH-CHRIST HOSPITAL,35620,"New York-Newark-Jersey City, NY-NJ-PA",75.88,2%,07/01/2023,06/30/2024,,N/A,N/A,04/01/2021,03/31/2024,1,N,07/01/2022,06/30/2023,
310017,CHILTON MEDICAL CENTER,35620,"New York-Newark-Jersey City, NY-NJ-PA",85.19,60%,07/01/2023,06/30/2024,,N/A,N/A,04/01/2021,03/31/2024,1,N,07/01/2022,06/30/2023,
310019,ST JOSEPH'S UNIVERSITY MEDICAL CENTER,35620,"New York-Newark-Jersey City, NY-NJ-PA",79.38,7%,07/01/2023,06/30/2024,,3.35433,63%,04/01/2021,03/31/2024,,N,07/01/2022,06/30/2023,
310024,ROBERT WOOD JOHNSON UNIVERSITY HOSPITAL AT RAHWAY,35620,"New York-Newark-Jersey City, NY-NJ-PA",82.88,30%,07/01/2023,06/30/2024,,N/A,N/A,04/01/2021,03/31/2024,1,N,07/01/2022,06/30/2023,
310025,CAREPOINT HEALTH - BAYONNE MEDICAL CENTER,35620,"New York-Newark-Jersey City, NY-NJ-PA",77.69,3%,07/01/2023,06/30/2024,,4.88368,5%,04/01/2021,03/31/2024,,N,07/01/2022,06/30/2023,*
310027,TRINITAS REGIONAL MEDICAL CENTER,35620,"New York-Newark-Jersey City, NY-NJ-PA",78.88,5%,07/01/2023,06/30/2024,,N/A,N/A,04/01/2021,03/31/2024,1,N,07/01/2022,06/30/2023,
310028,NEWTON MEDICAL CENTER,35620,"New York-Newark-Jersey City, NY-NJ-PA",82.94,31%,07/01/2023,06/30/2024,,3.46888,56%,04/01/2021,03/31/2024,,Y,07/01/2022,06/30/2023,
310034,RIVERVIEW MEDICAL CENTER,35620,"New York-Newark-Jersey City, NY-NJ-PA",85.38,62%,07/01/2023,06/30/2024,,3.67676,44%,04/01/2021,03/31/2024,,N,07/01/2022,06/30/2023,
310038,ROBERT WOOD JOHNSON UNIVERSITY HOSPITAL,35620,"New York-Newark-Jersey City, NY-NJ-PA",81.88,20%,07/01/2023,06/30/2024,,4.57902,10%,04/01/2021,03/31/2024,,N,07/01/2022,06/30/2023,*
310039,RARITAN BAY MEDICAL CENTER,35620,"New York-Newark-Jersey City, NY-NJ-PA",81.69,19%,07/01/2023,06/30/2024,,N/A,N/A,04/01/2021,03/31/2024,1,N,07/01/2022,06/30/2023,
310040,CAREPOINT HEALTH-HOBOKEN UNIVERSITY MEDICAL CENTER,35620,"New York-Newark-Jersey City, NY-NJ-PA",82.81,29%,07/01/2023,06/30/2024,,3.53836,51%,04/01/2021,03/31/2024,,N,07/01/2022,06/30/2023,
310041,COMMUNITY MEDICAL CENTER,35620,"New York-Newark-Jersey City, NY-NJ-PA",80.5,11%,07/01/2023,06/30/2024,,3.01823,83%,04/01/2021,03/31/2024,,N,07/01/2022,06/30/2023,
310045,ENGLEWOOD HOSPITAL AND MEDICAL CENTER,35620,"New York-Newark-Jersey City, NY-NJ-PA",83.5,37%,07/01/2023,06/30/2024,,3.7226,42%,04/01/2021,03/31/2024,,N,07/01/2022,06/30/2023,
310048,ROBERT WOOD JOHNSON UNIVERSITY HOSPITAL SOMERSET,35620,"New York-Newark-Jersey City, NY-NJ-PA",83.75,40%,07/01/2023,06/30/2024,,4.11829,22%,04/01/2021,03/31/2024,,N,07/01/2022,06/30/2023,
310050,SAINT CLARE'S HOSPITAL/ DENVILLE CAMPUS,35620,"New York-Newark-Jersey City, NY-NJ-PA",81.69,19%,07/01/2023,06/30/2024,,3.57443,49%,04/01/2021,03/31/2024,,N,07/01/2022,06/30/2023,
310051,OVERLOOK MEDICAL CENTER,35620,"New York-Newark-Jersey City, NY-NJ-PA",83,31%,07/01/2023,06/30/2024,,3.46787,56%,04/01/2021,03/31/2024,,Y,07/01/2022,06/30/2023,
310052,OCEAN UNIVERSITY MEDICAL CENTER,35620,"New York-Newark-Jersey City, NY-NJ-PA",82.88,30%,07/01/2023,06/30/2024,,4.78204,7%,04/01/2021,03/31/2024,,N,07/01/2022,06/30/2023,*
310054,"HACKENSACK MERIDIAN HEALTH, MOUNTAINSIDE MEDICAL",35620,"New York-Newark-Jersey City, NY-NJ-PA",80.69,12%,07/01/2023,06/30/2024,,4.13982,22%,04/01/2021,03/31/2024,,N,07/01/2022,06/30/2023,*
310070,SAINT PETER'S UNIVERSITY HOSPITAL,35620,"New York-Newark-Jersey City, NY-NJ-PA",82.75,28%,07/01/2023,06/30/2024,,3.17324,73%,04/01/2021,03/31/2024,,N,07/01/2022,06/30/2023,
310073,JERSEY SHORE UNIVERSITY MEDICAL CENTER,35620,"New York-Newark-Jersey City, NY-NJ-PA",82.06,22%,07/01/2023,06/30/2024,,3.58493,48%,04/01/2021,03/31/2024,,N,07/01/2022,06/30/2023,
310074,JERSEY CITY MEDICAL CENTER,35620,"New York-Newark-Jersey City, NY-NJ-PA",82.38,25%,07/01/2023,06/30/2024,,N/A,N/A,04/01/2021,03/31/2024,1,N,07/01/2022,06/30/2023,
310075,MONMOUTH MEDICAL CENTER,35620,"New York-Newark-Jersey City, NY-NJ-PA",84.06,44%,07/01/2023,06/30/2024,,2.93901,86%,04/01/2021,03/31/2024,,N,07/01/2022,06/30/2023,
310076,COOPERMAN BARNABAS MEDICAL CENTER,35620,"New York-Newark-Jersey City, NY-NJ-PA",82,21%,07/01/2023,06/30/2024,,3.17082,73%,04/01/2021,03/31/2024,,N,07/01/2022,06/30/2023,
310083,EAST ORANGE GENERAL HOSPITAL,35620,"New York-Newark-Jersey City, NY-NJ-PA",74.81,1%,07/01/2023,06/30/2024,,N/A,N/A,04/01/2021,03/31/2024,1,N,07/01/2022,06/30/2023,
310084,MONMOUTH MEDICAL CENTER-SOUTHERN CAMPUS,35620,"New York-Newark-Jersey City, NY-NJ-PA",82.88,30%,07/01/2023,06/30/2024,,N/A,N/A,04/01/2021,03/31/2024,1,N,07/01/2022,06/30/2023,
310096,SAINT MICHAEL'S MEDICAL CENTER,35620,"New York-Newark-Jersey City, NY-NJ-PA",83.44,37%,07/01/2023,06/30/2024,,N/A,N/A,04/01/2021,03/31/2024,1,N,07/01/2022,06/30/2023,
310108,JFK UNIVERSITY MEDICAL CENTER,35620,"New York-Newark-Jersey City, NY-NJ-PA",79.25,6%,07/01/2023,06/30/2024,,N/A,N/A,04/01/2021,03/31/2024,1,N,07/01/2022,06/30/2023,
310111,CENTRASTATE MEDICAL CENTER,35620,"New York-Newark-Jersey City, NY-NJ-PA",82.88,30%,07/01/2023,06/30/2024,,N/A,N/A,04/01/2021,03/31/2024,1,N,07/01/2022,06/30/2023,
310112,BAYSHORE MEDICAL CENTER,35620,"New York-Newark-Jersey City, NY-NJ-PA",82.13,22%,07/01/2023,06/30/2024,,N/A,N/A,04/01/2021,03/31/2024,1,N,07/01/2022,06/30/2023,
310113,SOUTHERN OCEAN MEDICAL CENTER,35620,"New York-Newark-Jersey City, NY-NJ-PA",82.56,26%,07/01/2023,06/30/2024,,N/A,N/A,04/01/2021,03/31/2024,1,N,07/01/2022,06/30/2023,
310118,HUDSON REGIONAL HOSPITAL,35620,"New York-Newark-Jersey City, NY-NJ-PA",80.19,9%,07/01/2023,06/30/2024,,2.67321,93%,04/01/2021,03/31/2024,,N,07/01/2022,06/30/2023,
310119,UNIVERSITY HOSPITAL,35620,"New York-Newark-Jersey City, NY-NJ-PA",78,4%,07/01/2023,06/30/2024,,N/A,N/A,04/01/2021,03/31/2024,1,N,07/01/2022,06/30/2023,
310130,HACKENSACK MERIDIAN HEALTH PASCACK VALLEY MEDICAL,35620,"New York-Newark-Jersey City, NY-NJ-PA",81.94,20%,07/01/2023,06/30/2024,,3.35783,63%,04/01/2021,03/31/2024,,N,07/01/2022,06/30/2023,
330006,ST JOSEPH'S MEDICAL CENTER,35620,"New York-Newark-Jersey City, NY-NJ-PA",79.19,6%,07/01/2023,06/30/2024,,N/A,N/A,04/01/2021,03/31/2024,1,N,07/01/2022,06/30/2023,
330009,BRONXCARE HOSPITAL CENTER,35620,"New York-Newark-Jersey City, NY-NJ-PA",78.19,4%,07/01/2023,06/30/2024,,N/A,N/A,04/01/2021,03/31/2024,1,N,07/01/2022,06/30/2023,
330019,"NEW YORK COMMUNITY HOSPITAL OF BROOKLYN, INC.",35620,"New York-Newark-Jersey City, NY-NJ-PA",74.63,1%,07/01/2023,06/30/2024,,N/A,N/A,04/01/2021,03/31/2024,1,N,07/01/2022,06/30/2023,
330023,VASSAR BROTHERS MEDICAL CENTER,35620,"New York-Newark-Jersey City, NY-NJ-PA",84.13,46%,07/01/2023,06/30/2024,,N/A,N/A,04/01/2021,03/31/2024,1,N,07/01/2022,06/30/2023,
330024,MOUNT SINAI HOSPITAL,35620,"New York-Newark-Jersey City, NY-NJ-PA",82.81,29%,07/01/2023,06/30/2024,,2.7136,92%,04/01/2021,03/31/2024,,N,07/01/2022,06/30/2023,
330027,NASSAU UNIVERSITY MEDICAL CENTER,35620,"New York-Newark-Jersey City, NY-NJ-PA",75.56,1%,07/01/2023,06/30/2024,,N/A,N/A,04/01/2021,03/31/2024,1,Y,07/01/2022,06/30/2023,
330028,RICHMOND UNIVERSITY MEDICAL CENTER,35620,"New York-Newark-Jersey City, NY-NJ-PA",78.88,5%,07/01/2023,06/30/2024,,3.63117,46%,04/01/2021,03/31/2024,,N,07/01/2022,06/30/2023,
330043,SOUTHSIDE HOSPITAL,35620,"New York-Newark-Jersey City, NY-NJ-PA",82.88,3%,07/01/2023,06/30/2024,,3.03788,82%,04/01/2021,03/31/2024,,N,07/01/2022,06/30/2023,
330045,HUNTINGTON HOSPITAL,35620,"New York-Newark-Jersey City, NY-NJ-PA",84.75,53%,07/01/2023,06/30/2024,,2.44254,97%,04/01/2021,03/31/2024,,N,07/01/2022,06/30/2023,
330056,BROOKLYN HOSPITAL CENTER - DOWNTOWN CAMPUS,35620,"New York-Newark-Jersey City, NY-NJ-PA",80.31,10%,07/01/2023,06/30/2024,,3.3738,62%,04/01/2021,03/31/2024,,N,07/01/2022,06/30/2023,
330104,NYACK HOSPITAL,35620,"New York-Newark-Jersey City, NY-NJ-PA",79.06,6%,07/01/2023,06/30/2024,,2.96762,85%,04/01/2021,03/31/2024,,N,07/01/2022,06/30/2023,
330106,NORTH SHORE UNIVERSITY HOSPITAL,35620,"New York-Newark-Jersey City, NY-NJ-PA",82.75,28%,07/01/2023,06/30/2024,,2.56926,95%,04/01/2021,03/31/2024,,N,07/01/2022,06/30/2023,
330107,PECONIC BAY MEDICAL CENTER,35620,"New York-Newark-Jersey City, NY-NJ-PA",84.19,46%,07/01/2023,06/30/2024,,1.86268,100%,04/01/2021,03/31/2024,,N,07/01/2022,06/30/2023,
330127,JACOBI MEDICAL CENTER,35620,"New York-Newark-Jersey City, NY-NJ-PA",77.06,3%,07/01/2023,06/30/2024,,N/A,N/A,04/01/2021,03/31/2024,1,N,07/01/2022,06/30/2023,
330128,ELMHURST HOSPITAL CENTER,35620,"New York-Newark-Jersey City, NY-NJ-PA",78.94,6%,07/01/2023,06/30/2024,,N/A,N/A,04/01/2021,03/31/2024,1,N,07/01/2022,06/30/2023,
330141,LONG ISLAND COMMUNITY HOSPITAL,35620,"New York-Newark-Jersey City, NY-NJ-PA",75.19,1%,07/01/2023,06/30/2024,,3.80884,37%,04/01/2021,03/31/2024,,N,07/01/2022,06/30/2023,
330158,GOOD SAMARITAN HOSPITAL OF SUFFERN,35620,"New York-Newark-Jersey City, NY-NJ-PA",80.56,11%,07/01/2023,06/30/2024,,2.53246,96%,04/01/2021,03/31/2024,,N,07/01/2022,06/30/2023,
330160,STATEN ISLAND UNIVERSITY HOSPITAL,35620,"New York-Newark-Jersey City, NY-NJ-PA",80.75,12%,07/01/2023,06/30/2024,,3.36678,62%,04/01/2021,03/31/2024,,N,07/01/2022,06/30/2023,
330162,NORTHERN WESTCHESTER HOSPITAL,35620,"New York-Newark-Jersey City, NY-NJ-PA",86.88,81%,07/01/2023,06/30/2024,,2.92364,87%,04/01/2021,03/31/2024,,N,07/01/2022,06/30/2023,
330181,GLEN COVE HOSPITAL,35620,"New York-Newark-Jersey City, NY-NJ-PA",86.5,76%,07/01/2023,06/30/2024,,N/A,N/A,04/01/2021,03/31/2024,5,N,07/01/2022,06/30/2023,
330182,"ST FRANCIS HOSPITAL, ROSLYN",35620,"New York-Newark-Jersey City, NY-NJ-PA",87.69,88%,07/01/2023,06/30/2024,,3.7945,38%,04/01/2021,03/31/2024,,Y,07/01/2022,06/30/2023,
330185,JOHN T MATHER MEMORIAL HOSPITAL  OF PORT JEFFERSON,35620,"New York-Newark-Jersey City, NY-NJ-PA",87.75,88%,07/01/2023,06/30/2024,,2.597,94%,04/01/2021,03/31/2024,,N,07/01/2022,06/30/2023,
330196,CONEY ISLAND HOSPITAL CENTER,35620,"New York-Newark-Jersey City, NY-NJ-PA",83.13,33%,07/01/2023,06/30/2024,,N/A,N/A,04/01/2021,03/31/2024,1,N,07/01/2022,06/30/2023,
330198,MOUNT SINAI SOUTH NASSAU,35620,"New York-Newark-Jersey City, NY-NJ-PA",78.06,4%,07/01/2023,06/30/2024,,4.0923,24%,04/01/2021,03/31/2024,,N,07/01/2022,06/30/2023,*
330204,BELLEVUE HOSPITAL CENTER,35620,"New York-Newark-Jersey City, NY-NJ-PA",78.5,5%,07/01/2023,06/30/2024,,N/A,N/A,04/01/2021,03/31/2024,1,N,07/01/2022,06/30/2023,
330205,ST ANTHONY COMMUNITY HOSPITAL,35620,"New York-Newark-Jersey City, NY-NJ-PA",88.06,90%,07/01/2023,06/30/2024,,3.39785,60%,04/01/2021,03/31/2024,,N,07/01/2022,06/30/2023,
330221,WYCKOFF HEIGHTS MEDICAL CENTER,35620,"New York-Newark-Jersey City, NY-NJ-PA",78.25,4%,07/01/2023,06/30/2024,,N/A,N/A,04/01/2021,03/31/2024,1,N,07/01/2022,06/30/2023,
330246,ST CHARLES HOSPITAL,35620,"New York-Newark-Jersey City, NY-NJ-PA",84.81,54%,07/01/2023,06/30/2024,,3.08526,80%,04/01/2021,03/31/2024,,Y,07/01/2022,06/30/2023,
330259,MERCY MEDICAL CENTER,35620,"New York-Newark-Jersey City, NY-NJ-PA",82.5,26%,07/01/2023,06/30/2024,,3.07228,81%,04/01/2021,03/31/2024,,Y,07/01/2022,06/30/2023,
330261,PHELPS HOSPITAL,35620,"New York-Newark-Jersey City, NY-NJ-PA",81.94,20%,07/01/2023,06/30/2024,,3.39435,60%,04/01/2021,03/31/2024,,N,07/01/2022,06/30/2023,
330264,ST LUKE'S CORNWALL HOSPITAL,35620,"New York-Newark-Jersey City, NY-NJ-PA",81.94,20%,07/01/2023,06/30/2024,,3.59168,48%,04/01/2021,03/31/2024,,N,07/01/2022,06/30/2023,
330267,HUDSON VALLEY HOSPITAL CENTER,35620,"New York-Newark-Jersey City, NY-NJ-PA",85.06,58%,07/01/2023,06/30/2024,,3.95201,30%,04/01/2021,03/31/2024,,N,07/01/2022,06/30/2023,
330273,PUTNAM HOSPITAL CENTER,35620,"New York-Newark-Jersey City, NY-NJ-PA",84.63,52%,07/01/2023,06/30/2024,,N/A,N/A,04/01/2021,03/31/2024,1,N,07/01/2022,06/30/2023,
330286,GOOD SAMARITAN HOSPITAL MEDICAL CENTER,35620,"New York-Newark-Jersey City, NY-NJ-PA",81.44,17%,07/01/2023,06/30/2024,,3.84914,35%,04/01/2021,03/31/2024,,N,07/01/2022,06/30/2023,
330331,PLAINVIEW HOSPITAL,35620,"New York-Newark-Jersey City, NY-NJ-PA",83.56,38%,07/01/2023,06/30/2024,,3.6776,44%,04/01/2021,03/31/2024,,N,07/01/2022,06/30/2023,
330332,ST JOSEPH HOSPITAL,35620,"New York-Newark-Jersey City, NY-NJ-PA",83.56,38%,07/01/2023,06/30/2024,,3.58877,48%,04/01/2021,03/31/2024,,N,07/01/2022,06/30/2023,
330350,SUNY HEALTH SCIENCE CENTER AT BROOKLYN UNIVERSITY,35620,"New York-Newark-Jersey City, NY-NJ-PA",N/A,N/A,07/01/2023,06/30/2024,***,3.46971,56%,04/01/2021,03/31/2024,,N,07/01/2022,06/30/2023,
330401,ST CATHERINE OF SIENA HOSPITAL,35620,"New York-Newark-Jersey City, NY-NJ-PA",83.81,41%,07/01/2023,06/30/2024,,4.47013,13%,04/01/2021,03/31/2024,,N,07/01/2022,06/30/2023,
340017,MARGARET R PARDEE MEMORIAL HOSPITAL,11700,"Asheville, NC",87.25,84%,07/01/2023,06/30/2024,,3.72263,42%,04/01/2021,03/31/2024,,N,07/01/2022,06/30/2023,
340023,PARK RIDGE HEALTH,11700,"Asheville, NC",87.94,89%,07/01/2023,06/30/2024,,N/A,N/A,04/01/2021,03/31/2024,1,N,07/01/2022,06/30/2023,
340040,VIDANT MEDICAL CENTER,24780,"Greenville, NC",83.94,43%,07/01/2023,06/30/2024,,5.38504,2%,04/01/2021,03/31/2024,,N,07/01/2022,06/30/2023,
340184,HAYWOOD REGIONAL MEDICAL CENTER,11700,"Asheville, NC",82.69,28%,07/01/2023,06/30/2024,,3.2177,70%,04/01/2021,03/31/2024,,N,07/01/2022,06/30/2023,
360001,MERCY HEALTH-ANDERSON HOSPITAL,17140,"Cincinnati, OH-KY-IN",84.5,50%,07/01/2023,06/30/2024,,3.04146,82%,04/01/2021,03/31/2024,,N,07/01/2022,06/30/2023,
360003,"UNIVERSITY OF CINCINNATI MEDICAL CENTER, LLC",17140,"Cincinnati, OH-KY-IN",83.06,32%,07/01/2023,06/30/2024,,3.08583,80%,04/01/2021,03/31/2024,,N,07/01/2022,06/30/2023,
360016,THE JEWISH HOSPITAL-MERCY HEALTH,17140,"Cincinnati, OH-KY-IN",85.94,70%,07/01/2023,06/30/2024,,3.44372,58%,04/01/2021,03/31/2024,,N,07/01/2022,06/30/2023,
360056,MERCY HEALTH - FAIRFIELD HOSPITAL,17140,"Cincinnati, OH-KY-IN",83.63,39%,07/01/2023,06/30/2024,,4.43915,14%,04/01/2021,03/31/2024,,N,07/01/2022,06/30/2023,*
360076,ATRIUM MEDICAL CENTER,17140,"Cincinnati, OH-KY-IN",82.94,31%,07/01/2023,06/30/2024,,N/A,N/A,04/01/2021,03/31/2024,1,Y,07/01/2022,06/30/2023,
360078,UNIVERSITY HOSPITALS PORTAGE MEDICAL CENTER,10420,"Akron, OH",83.88,42%,07/01/2023,06/30/2024,,N/A,N/A,04/01/2021,03/31/2024,1,N,07/01/2022,06/30/2023,
360090,MCLAREN ST LUKE'S,45780,"Toledo, OH",N/A,N/A,07/01/2023,06/30/2024,***,N/A,N/A,04/01/2021,03/31/2024,,N,07/01/2022,06/30/2023,
360132,FORT HAMILTON HUGHES MEMORIAL HOSPITAL,17140,"Cincinnati, OH-KY-IN",83.88,42%,07/01/2023,06/30/2024,,N/A,N/A,04/01/2021,03/31/2024,1,N,07/01/2022,06/30/2023,
360134,GOOD SAMARITAN HOSPITAL,17140,"Cincinnati, OH-KY-IN",83.94,43%,07/01/2023,06/30/2024,,3.94529,31%,04/01/2021,03/31/2024,,N,07/01/2022,06/30/2023,
360163,CHRIST HOSPITAL,17140,"Cincinnati, OH-KY-IN",86.75,79%,07/01/2023,06/30/2024,,3.66928,44%,04/01/2021,03/31/2024,,N,07/01/2022,06/30/2023,
360179,BETHESDA NORTH,17140,"Cincinnati, OH-KY-IN",82.13,22%,07/01/2023,06/30/2024,,3.20747,71%,04/01/2021,03/31/2024,,N,07/01/2022,06/30/2023,
360234,MERCY HEALTH - WEST HOSPITAL,17140,"Cincinnati, OH-KY-IN",84.19,46%,07/01/2023,06/30/2024,,3.3002,66%,04/01/2021,03/31/2024,,N,07/01/2022,06/30/2023,
360236,MERCY HEALTH - CLERMONT HOSPITAL,17140,"Cincinnati, OH-KY-IN",84.13,46%,07/01/2023,06/30/2024,,N/A,N/A,04/01/2021,03/31/2024,1,N,07/01/2022,06/30/2023,
360351,CRYSTAL CLINIC ORTHOPAEDIC CENTER,10420,"Akron, OH",91.94,99%,07/01/2023,06/30/2024,,2.14913,99%,04/01/2021,03/31/2024,,N,07/01/2022,06/30/2023,
360354,"WEST CHESTER HOSPITAL, LLC",17140,"Cincinnati, OH-KY-IN",83.5,37%,07/01/2023,06/30/2024,,3.38386,61%,04/01/2021,03/31/2024,,N,07/01/2022,06/30/2023,
370008,NORMAN REGIONAL,36420,"Oklahoma City, OK",83.13,33%,07/01/2023,06/30/2024,,3.52227,52%,04/01/2021,03/31/2024,,N,07/01/2022,06/30/2023,
370028,"INTEGRIS BAPTIST MEDICAL CENTER, INC",36420,"Oklahoma City, OK",84.88,55%,07/01/2023,06/30/2024,,3.09048,80%,04/01/2021,03/31/2024,,N,07/01/2022,06/30/2023,
370037,SSM HEALTH ST ANTHONY HOSPITAL - OKLAHOMA CITY,36420,"Oklahoma City, OK",83.81,41%,07/01/2023,06/30/2024,,2.69931,93%,04/01/2021,03/31/2024,,N,07/01/2022,06/30/2023,
370093,O U HEALTH UNIVERSITY OF OKLAHOMA MEDICAL CENTER,36420,"Oklahoma City, OK",80.25,10%,07/01/2023,06/30/2024,,4.10019,24%,04/01/2021,03/31/2024,,N,07/01/2022,06/30/2023,*
370094,SSM HEALTH ST ANTHONY HOSPITAL - MIDWEST,36420,"Oklahoma City, OK",79.94,9%,07/01/2023,06/30/2024,,3.60874,47%,04/01/2021,03/31/2024,,N,07/01/2022,06/30/2023,
370106,INTEGRIS SOUTHWEST MEDICAL CENTER,36420,"Oklahoma City, OK",80.13,9%,07/01/2023,06/30/2024,,N/A,N/A,04/01/2021,03/31/2024,1,N,07/01/2022,06/30/2023,
370192,NORTHWEST SURGICAL HOSPITAL,36420,"Oklahoma City, OK",N/A,N/A,07/01/2023,06/30/2024,***,N/A,N/A,04/01/2021,03/31/2024,5,N,07/01/2022,06/30/2023,**
370201,SURGICAL HOSPITAL OF OKLAHOMA,36420,"Oklahoma City, OK",88.75,93%,07/01/2023,06/30/2024,,3.38104,61%,04/01/2021,03/31/2024,,N,07/01/2022,06/30/2023,
370203,"COMMUNITY HOSPITAL, LLC",36420,"Oklahoma City, OK",86.75,79%,07/01/2023,06/30/2024,,3.89332,34%,04/01/2021,03/31/2024,,N,07/01/2022,06/30/2023,
370211,INTEGRIS CANADIAN VALLEY  HOSPITAL,36420,"Oklahoma City, OK",84.75,53%,07/01/2023,06/30/2024,,N/A,N/A,04/01/2021,03/31/2024,1,N,07/01/2022,06/30/2023,
370212,OKLAHOMA CENTER FOR ORTHOPAEDIC & MULTI-SPECIALTY SURGERY,36420,"Oklahoma City, OK",N/A,N/A,07/01/2023,06/30/2024,***,3.95598,30%,04/01/2021,03/31/2024,,N,07/01/2022,06/30/2023,
370220,ONECORE HEALTH,36420,"Oklahoma City, OK",N/A,N/A,07/01/2023,06/30/2024,***,4.11253,23%,04/01/2021,03/31/2024,,N,07/01/2022,06/30/2023,
370222,MCBRIDE ORTHOPEDIC HOSPITAL,36420,"Oklahoma City, OK",90.75,98%,07/01/2023,06/30/2024,,3.43727,58%,04/01/2021,03/31/2024,,N,07/01/2022,06/30/2023,
370225,"SUMMIT MEDICAL CENTER, LLC",36420,"Oklahoma City, OK",N/A,N/A,07/01/2023,06/30/2024,***,N/A,N/A,04/01/2021,03/31/2024,1,N,07/01/2022,06/30/2023,
370236,INTEGRIS HEALTH EDMOND,36420,"Oklahoma City, OK",85.38,62%,07/01/2023,06/30/2024,,N/A,N/A,04/01/2021,03/31/2024,1,N,07/01/2022,06/30/2023,
390002,UPMC MCKEESPORT,38300,"Pittsburgh, PA",83.63,39%,07/01/2023,06/30/2024,,N/A,N/A,04/01/2021,03/31/2024,5,N,07/01/2022,06/30/2023,**
390004,PENN STATE HEALTH HOLY SPIRIT MEDICAL CENTER,25420,"Harrisburg-Carlisle, PA",81.25,16%,07/01/2023,06/30/2024,,3.45791,57%,04/01/2021,03/31/2024,,N,07/01/2022,06/30/2023,
390028,UPMC MERCY,38300,"Pittsburgh, PA",86.13,72%,07/01/2023,06/30/2024,,N/A,N/A,04/01/2021,03/31/2024,1,N,07/01/2022,06/30/2023,
390032,ALLEGHENY VALLEY HOSPITAL,38300,"Pittsburgh, PA",86.19,73%,07/01/2023,06/30/2024,,N/A,N/A,04/01/2021,03/31/2024,1,N,07/01/2022,06/30/2023,
390036,HERITAGE VALLEY BEAVER,38300,"Pittsburgh, PA",85,57%,07/01/2023,06/30/2024,,4.42518,14%,04/01/2021,03/31/2024,,N,07/01/2022,06/30/2023,
390037,HERITAGE VALLEY SEWICKLEY,38300,"Pittsburgh, PA",85.56,65%,07/01/2023,06/30/2024,,2.33084,98%,04/01/2021,03/31/2024,,N,07/01/2022,06/30/2023,
390041,UNIONTOWN HOSPITAL,38300,"Pittsburgh, PA",84.31,48%,07/01/2023,06/30/2024,,N/A,N/A,04/01/2021,03/31/2024,1,N,07/01/2022,06/30/2023,
390042,"WASHINGTON HOSPITAL, THE",38300,"Pittsburgh, PA",86.63,8%,07/01/2023,06/30/2024,,3.50519,53%,04/01/2021,03/31/2024,,N,07/01/2022,06/30/2023,
390050,ALLEGHENY GENERAL HOSPITAL,38300,"Pittsburgh, PA",84.25,78%,07/01/2023,06/30/2024,,4.71964,8%,04/01/2021,03/31/2024,,N,07/01/2022,06/30/2023,
390058,UPMC CARLISLE,25420,"Harrisburg-Carlisle, PA",85.5,64%,07/01/2023,06/30/2024,,4.46343,13%,04/01/2021,03/31/2024,,N,07/01/2022,06/30/2023,
390090,WEST PENN HOSPITAL,38300,"Pittsburgh, PA",87,82%,07/01/2023,06/30/2024,,N/A,N/A,04/01/2021,03/31/2024,5,N,07/01/2022,06/30/2023,
390102,UPMC ST MARGARET,38300,"Pittsburgh, PA",87.13,83%,07/01/2023,06/30/2024,,3.80129,38%,04/01/2021,03/31/2024,,Y,07/01/2022,06/30/2023,
390107,UPMC PASSAVANT,38300,"Pittsburgh, PA",86.56,77%,07/01/2023,06/30/2024,,2.91614,87%,04/01/2021,03/31/2024,,N,07/01/2022,06/30/2023,
390114,MAGEE WOMENS HOSPITAL OF UPMC HEALTH SYSTEM,38300,"Pittsburgh, PA",86.06,72%,07/01/2023,06/30/2024,,4.34893,16%,04/01/2021,03/31/2024,,Y,07/01/2022,06/30/2023,
390145,EXCELA HEALTH WESTMORELAND HOSPITAL,38300,"Pittsburgh, PA",82.69,28%,07/01/2023,06/30/2024,,2.79177,90%,04/01/2021,03/31/2024,,Y,07/01/2022,06/30/2023,
390147,PENN HIGHLANDS MON VALLEY,38300,"Pittsburgh, PA",79.56,7%,07/01/2023,06/30/2024,,3.20429,71%,04/01/2021,03/31/2024,,N,07/01/2022,06/30/2023,
390157,HERITAGE VALLEY KENNEDY,38300,"Pittsburgh, PA",N/A,N/A,07/01/2023,06/30/2024,***,N/A,N/A,04/01/2021,03/31/2024,,N,07/01/2022,06/30/2023,
390160,CANONSBURG GENERAL HOSPITAL,38300,"Pittsburgh, PA",87.75,88%,07/01/2023,06/30/2024,,N/A,N/A,04/01/2021,03/31/2024,1,N,07/01/2022,06/30/2023,
390219,EXCELA HEALTH LATROBE HOSPITAL,38300,"Pittsburgh, PA",83.31,35%,07/01/2023,06/30/2024,,3.52442,52%,04/01/2021,03/31/2024,,Y,07/01/2022,06/30/2023,
390228,ST CLAIR HOSPITAL,38300,"Pittsburgh, PA",85.81,68%,07/01/2023,06/30/2024,,2.21009,99%,04/01/2021,03/31/2024,,N,07/01/2022,06/30/2023,
390265,JEFFERSON HOSPITAL,38300,"Pittsburgh, PA",86.56,77%,07/01/2023,06/30/2024,,3.39121,61%,04/01/2021,03/31/2024,,N,07/01/2022,06/30/2023,
390267,FORBES HOSPITAL,38300,"Pittsburgh, PA",83.88,42%,07/01/2023,06/30/2024,,3.92742,32%,04/01/2021,03/31/2024,,N,07/01/2022,06/30/2023,
390316,SURGICAL INSTITUTE OF READING,39740,"Reading, PA",91.81,99%,07/01/2023,06/30/2024,,3.19339,72%,04/01/2021,03/31/2024,,N,07/01/2022,06/30/2023,
390323,ADVANCED SURGICAL HOSPITAL,38300,"Pittsburgh, PA",94.69,100%,07/01/2023,06/30/2024,,2.14654,99%,04/01/2021,03/31/2024,,N,07/01/2022,06/30/2023,
390328,UPMC EAST,38300,"Pittsburgh, PA",84.94,56%,07/01/2023,06/30/2024,,4.89523,5%,04/01/2021,03/31/2024,,N,07/01/2022,06/30/2023,
440048,BAPTIST MEMORIAL HOSPITAL,32820,"Memphis, TN-MS-AR",82.06,22%,07/01/2023,06/30/2024,,3.82354,36%,04/01/2021,03/31/2024,,N,07/01/2022,06/30/2023,
440049,METHODIST HOSPITALS OF MEMPHIS,32820,"Memphis, TN-MS-AR",81.94,20%,07/01/2023,06/30/2024,,3.92405,32%,04/01/2021,03/31/2024,,N,07/01/2022,06/30/2023,
440152,REGIONAL ONE HEALTH,32820,"Memphis, TN-MS-AR",79.69,8%,07/01/2023,06/30/2024,,N/A,N/A,04/01/2021,03/31/2024,5,N,07/01/2022,06/30/2023,
440183,ST FRANCIS HOSPITAL,32820,"Memphis, TN-MS-AR",75.81,2%,07/01/2023,06/30/2024,,4.44743,14%,04/01/2021,03/31/2024,,N,07/01/2022,06/30/2023,*
440228,SAINT FRANCIS BARTLETT MEDICAL CENTER,32820,"Memphis, TN-MS-AR",73.5,0%,07/01/2023,06/30/2024,,N/A,N/A,04/01/2021,03/31/2024,1,N,07/01/2022,06/30/2023,
450040,COVENANT MEDICAL CENTER,31180,"Lubbock, TX",82.5,26%,07/01/2023,06/30/2024,,N/A,N/A,04/01/2021,03/31/2024,1,N,07/01/2022,06/30/2023,
450046,CHRISTUS SPOHN HOSPITAL CORPUS CHRISTI,18580,"Corpus Christi, TX",84.06,44%,07/01/2023,06/30/2024,,3.53471,51%,04/01/2021,03/31/2024,,N,07/01/2022,06/30/2023,
450054,BAYLOR SCOTT & WHITE MEDICAL CENTER - TEMPLE,28660,"Killeen-Temple, TX",85.5,64%,07/01/2023,06/30/2024,,3.6083,47%,04/01/2021,03/31/2024,,N,07/01/2022,06/30/2023,
450056,ASCENSION SETON MEDICAL CENTER AUSTIN,12420,"Austin-Round Rock, TX",81,14%,07/01/2023,06/30/2024,,3.47183,56%,04/01/2021,03/31/2024,,N,07/01/2022,06/30/2023,
450083,UT HEALTH EAST TEXAS TYLER REGIONAL HOSPITAL,46340,"Tyler, TX",81.75,19%,07/01/2023,06/30/2024,,2.5597,95%,04/01/2021,03/31/2024,,N,07/01/2022,06/30/2023,
450152,ADVENTHEALTH CENTRAL TEXAS,28660,"Killeen-Temple, TX",85.44,63%,07/01/2023,06/30/2024,,N/A,N/A,04/01/2021,03/31/2024,1,N,07/01/2022,06/30/2023,
450162,GRACE SURGICAL HOSPITAL,31180,"Lubbock, TX",N/A,N/A,07/01/2023,06/30/2024,***,N/A,N/A,04/01/2021,03/31/2024,1,N,07/01/2022,06/30/2023,
450272,CHRISTUS SANTA ROSA HOSPITAL-SAN MARCOS,12420,"Austin-Round Rock, TX",86.13,72%,07/01/2023,06/30/2024,,N/A,N/A,04/01/2021,03/31/2024,1,N,07/01/2022,06/30/2023,
450431,ST DAVID'S MEDICAL CENTER,12420,"Austin-Round Rock, TX",85.81,68%,07/01/2023,06/30/2024,,2.66346,93%,04/01/2021,03/31/2024,,N,07/01/2022,06/30/2023,
450518,THE MEDICAL CENTER OF SOUTHEAST TEXAS,13140,"Beaumont-Port Arthur, TX",80.94,14%,07/01/2023,06/30/2024,,N/A,N/A,04/01/2021,03/31/2024,1,N,07/01/2022,06/30/2023,
450713,ST DAVID'S SOUTH AUSTIN MEDICAL CENTER,12420,"Austin-Round Rock, TX",83.13,33%,07/01/2023,06/30/2024,,3.94699,31%,04/01/2021,03/31/2024,,N,07/01/2022,06/30/2023,
450718,ROUND ROCK MEDICAL CENTER,12420,"Austin-Round Rock, TX",82.75,28%,07/01/2023,06/30/2024,,N/A,N/A,04/01/2021,03/31/2024,1,N,07/01/2022,06/30/2023,
450788,"CORPUS CHRISTI MEDICAL CENTER,THE",18580,"Corpus Christi, TX",83,31%,07/01/2023,06/30/2024,,N/A,N/A,04/01/2021,03/31/2024,1,N,07/01/2022,06/30/2023,
450808,NORTHWEST HILLS SURGICAL HOSPITAL,12420,"Austin-Round Rock, TX",N/A,N/A,07/01/2023,06/30/2024,***,N/A,N/A,04/01/2021,03/31/2024,1,N,07/01/2022,06/30/2023,
450809,NORTH AUSTIN MEDICAL CENTER,12420,"Austin-Round Rock, TX",82.44,25%,07/01/2023,06/30/2024,,2.77871,91%,04/01/2021,03/31/2024,,N,07/01/2022,06/30/2023,
450864,BAYLOR SCOTT & WHITE TEXAS SPINE & JOINT HOSPITAL,46340,"Tyler, TX",90.94,98%,07/01/2023,06/30/2024,,3.32608,65%,04/01/2021,03/31/2024,,N,07/01/2022,06/30/2023,
450867,ASCENSION SETON NORTHWEST,12420,"Austin-Round Rock, TX",83.56,38%,07/01/2023,06/30/2024,,3.96777,29%,04/01/2021,03/31/2024,,N,07/01/2022,06/30/2023,*
450871,ARISE AUSTIN MEDICAL CENTER,12420,"Austin-Round Rock, TX",N/A,N/A,07/01/2023,06/30/2024,***,N/A,N/A,04/01/2021,03/31/2024,,N,07/01/2022,06/30/2023,**
450876,LUBBOCK HEART HOSPITAL LP,31180,"Lubbock, TX",87.44,86%,07/01/2023,06/30/2024,,N/A,N/A,04/01/2021,03/31/2024,1,N,07/01/2022,06/30/2023,
460001,UTAH VALLEY HOSPITAL,39340,"Provo-Orem, UT",87.31,85%,07/01/2023,06/30/2024,,3.12348,77%,04/01/2021,03/31/2024,,N,07/01/2022,06/30/2023,
460013,MOUNTAIN VIEW HOSPITAL,39340,"Provo-Orem, UT",88,90%,07/01/2023,06/30/2024,,3.13775,75%,04/01/2021,03/31/2024,,N,07/01/2022,06/30/2023,
460023,AMERICAN FORK HOSPITAL,39340,"Provo-Orem, UT",85.81,68%,07/01/2023,06/30/2024,,N/A,N/A,04/01/2021,03/31/2024,1,N,07/01/2022,06/30/2023,
460052,TIMPANOGOS REGIONAL HOSPITAL,39340,"Provo-Orem, UT",83.31,35%,07/01/2023,06/30/2024,,3.42818,58%,04/01/2021,03/31/2024,,N,07/01/2022,06/30/2023,
670006,THE HOSPITAL AT WESTLAKE MEDICAL CENTER,12420,"Austin-Round Rock, TX",88,90%,07/01/2023,06/30/2024,,4.09149,24%,04/01/2021,03/31/2024,,N,07/01/2022,06/30/2023,**
670034,SCOTT & WHITE HOSPITAL-ROUND ROCK,12420,"Austin-Round Rock, TX",86.56,77%,07/01/2023,06/30/2024,,4.17534,20%,04/01/2021,03/31/2024,,Y,07/01/2022,06/30/2023,
670041,ASCENSION SETON WILLIAMSON,12420,"Austin-Round Rock, TX",82.19,23%,07/01/2023,06/30/2024,,N/A,N/A,04/01/2021,03/31/2024,1,N,07/01/2022,06/30/2023,
670043,CEDAR PARK REGIONAL MEDICAL CENTER,12420,"Austin-Round Rock, TX",81.38,17%,07/01/2023,06/30/2024,,3.52334,52%,04/01/2021,03/31/2024,,N,07/01/2022,06/30/2023,
670056,ASCENSION SETON HAYS,12420,"Austin-Round Rock, TX",82.25,23%,07/01/2023,06/30/2024,,N/A,N/A,04/01/2021,03/31/2024,1,N,07/01/2022,06/30/2023,
670061,SOUTH TEXAS SURGICAL HOSPITAL,18580,"Corpus Christi, TX",N/A,N/A,07/01/2023,06/30/2024,***,N/A,N/A,04/01/2021,03/31/2024,,N,07/01/2022,06/30/2023,
670080,SETON MEDICAL CENTER HARKER HEIGHTS,28660,"Killeen-Temple, TX",85.38,62%,07/01/2023,06/30/2024,,N/A,N/A,04/01/2021,03/31/2024,1,N,07/01/2022,06/30/2023,
