state,patients_who_reported_that_staff_definitely_gave_care_in_a_professional_way_and_the_facility_was_clean,patients_who_reported_that_staff_somewhat_gave_care_in_a_professional_way_or_the_facility_was_somewhat_clean,patients_who_reported_that_staff_did_not_give_care_in_a_professional_way_or_the_facility_was_not_clean,facilities_and_staff_linear_mean_score,patients_who_reported_that_staff_definitely_communicated_about_what_to_expect_during_and_after_the_procedure,patients_who_reported_that_staff_somewhat_communicated_about_what_to_expect_during_and_after_the_procedure,patients_who_reported_that_staff_did_not_communicate_about_what_to_expect_during_and_after_the_procedure,communication_about_your_procedure_linear_mean_score,patients_who_gave_the_facility_a_rating_of_9_or_10_on_a_scale_from_0_lowest_to_10_highest,patients_who_gave_the_facility_a_rating_of_7_or_8_on_a_scale_from_0_lowest_to_10_highest,patients_who_gave_the_facility_a_rating_of_0_to_6_on_a_scale_from_0_lowest_to_10_highest,patients_rating_of_the_facility_linear_mean_score,patients_who_reported_yes_they_would_definitely_recommend_the_facility_to_family_or_friends,patients_who_reported_probably_yes_they_would_recommend_the_facility_to_family_or_friends,patients_who_reported_no_they_would_not_recommend_the_facility_to_family_or_friends,patients_recommending_the_facility_linear_mean_score,number_of_sampled_patients,number_of_completed_surveys,survey_response_rate_percent,start_date,end_date
Alabama,97,3,0,99,93,6,1,96,90,8,2,96,89,9,2,95,48357,11934,25,10/01/2024,09/30/2025
Alaska,97,3,0,99,93,6,1,96,91,7,2,95,87,11,2,95,10080,2778,28,10/01/2024,09/30/2025
American Samoa,,,,,,,,,,,,,,,,,,,,,
Arizona,97,3,0,98,90,8,2,94,88,9,3,95,85,12,3,94,140130,36868,26,10/01/2024,09/30/2025
Arkansas,97,3,0,99,92,6,2,95,90,8,2,96,89,9,2,95,47742,9743,21,10/01/2024,09/30/2025
California,96,3,1,98,90,8,2,94,87,10,3,94,85,12,3,94,499772,109673,22,10/01/2024,09/30/2025
Colorado,97,3,0,98,92,7,1,95,89,9,2,95,87,11,2,94,116225,29961,26,10/01/2024,09/30/2025
Commonwealth of the Northern Marianas Islands,,,,,,,,,,,,,,,,,,,,,
Connecticut,98,2,0,99,93,6,1,96,92,6,2,96,90,8,2,96,51231,14800,29,10/01/2024,09/30/2025
Delaware,98,2,0,99,93,6,1,96,90,8,2,96,88,10,2,95,26906,8351,31,10/01/2024,09/30/2025
District of Columbia,96,3,1,98,92,6,2,96,84,14,2,94,83,15,2,93,4833,771,16,10/01/2024,09/30/2025
Florida,97,3,0,98,91,7,2,95,88,9,3,95,86,11,3,94,434164,109623,25,10/01/2024,09/30/2025
Georgia,97,3,0,98,93,5,2,96,90,8,2,96,88,9,3,95,167359,39088,23,10/01/2024,09/30/2025
Guam,,,,,,,,,,,,,,,,,,,,,
Hawaii,97,3,0,98,91,7,2,95,88,10,2,95,87,11,2,95,16391,5075,31,10/01/2024,09/30/2025
Idaho,98,2,0,99,92,6,2,95,89,9,2,95,88,10,2,95,31034,8841,29,10/01/2024,09/30/2025
Illinois,97,3,0,98,92,6,2,95,89,9,2,95,86,12,2,94,103323,27578,27,10/01/2024,09/30/2025
Indiana,97,3,0,98,92,6,2,95,89,9,2,95,87,10,3,94,120015,29691,25,10/01/2024,09/30/2025
Iowa,98,2,0,99,93,6,1,96,91,7,2,96,89,9,2,95,22331,7485,34,10/01/2024,09/30/2025
Kansas,98,2,0,99,92,6,2,95,91,7,2,96,88,10,2,95,54374,13403,25,10/01/2024,09/30/2025
Kentucky,97,3,0,98,92,6,2,96,89,9,2,95,88,10,2,95,33047,8663,26,10/01/2024,09/30/2025
Louisiana,98,2,0,99,93,6,1,96,91,7,2,96,89,9,2,95,65043,15691,24,10/01/2024,09/30/2025
Maine,98,2,0,99,93,5,2,96,90,8,2,96,91,7,2,96,10523,3412,33,10/01/2024,09/30/2025
Maryland,97,3,0,98,91,7,2,95,88,10,2,95,85,12,3,94,181717,44615,25,10/01/2024,09/30/2025
Massachusetts,98,2,0,99,92,7,1,95,89,9,2,95,89,9,2,95,66968,18667,28,10/01/2024,09/30/2025
Michigan,98,2,0,99,92,7,1,95,91,7,2,96,88,10,2,95,95808,25851,27,10/01/2024,09/30/2025
Minnesota,98,2,0,99,93,6,1,96,91,7,2,96,89,9,2,95,69106,22001,32,10/01/2024,09/30/2025
Mississippi,97,3,0,98,92,6,2,95,89,9,2,95,89,9,2,95,55470,12348,22,10/01/2024,09/30/2025
Missouri,97,3,0,99,92,7,1,95,91,7,2,96,88,10,2,95,77289,20387,26,10/01/2024,09/30/2025
Montana,98,2,0,99,93,6,1,96,91,7,2,96,90,8,2,96,14549,4257,29,10/01/2024,09/30/2025
Nebraska,98,2,0,99,92,7,1,95,90,8,2,95,87,11,2,95,36078,9339,26,10/01/2024,09/30/2025
Nevada,96,4,0,98,90,8,2,94,87,10,3,94,85,12,3,94,60269,11577,19,10/01/2024,09/30/2025
New Hampshire,98,2,0,99,94,5,1,96,92,6,2,96,89,9,2,95,23746,6439,27,10/01/2024,09/30/2025
New Jersey,97,3,0,99,92,6,2,95,90,8,2,95,88,10,2,95,207187,48405,23,10/01/2024,09/30/2025
New Mexico,96,3,1,98,90,8,2,93,85,12,3,94,84,13,3,93,15012,4095,27,10/01/2024,09/30/2025
New York,97,3,0,98,91,7,2,95,88,10,2,95,86,12,2,94,169597,36502,22,10/01/2024,09/30/2025
North Carolina,98,2,0,99,94,5,1,96,92,6,2,96,89,9,2,95,139693,32639,23,10/01/2024,09/30/2025
North Dakota,98,2,0,99,95,4,1,97,92,7,1,96,91,8,1,96,7345,2176,30,10/01/2024,09/30/2025
Ohio,97,3,0,98,92,6,2,95,90,8,2,95,88,10,2,95,156591,42222,27,10/01/2024,09/30/2025
Oklahoma,97,3,0,98,91,7,2,94,87,10,3,95,86,11,3,94,36052,8430,24,10/01/2024,09/30/2025
Oregon,97,3,0,99,92,7,1,96,88,10,2,95,87,11,2,95,89564,24884,28,10/01/2024,09/30/2025
Pennsylvania,98,2,0,99,93,5,2,96,91,7,2,96,88,10,2,95,168241,46903,28,10/01/2024,09/30/2025
Puerto Rico,97,2,1,98,90,8,2,94,94,5,1,97,91,9,0,97,1765,372,22,10/01/2024,09/30/2025
Rhode Island,97,3,0,98,92,7,1,95,92,7,1,97,90,8,2,96,11652,2807,24,10/01/2024,09/30/2025
South Carolina,98,2,0,99,93,6,1,96,91,8,1,96,90,8,2,95,58358,15212,26,10/01/2024,09/30/2025
South Dakota,97,3,0,98,94,5,1,96,88,10,2,95,87,12,1,95,5901,1848,32,10/01/2024,09/30/2025
Tennessee,97,3,0,99,93,6,1,96,91,7,2,96,89,9,2,95,135704,35128,26,10/01/2024,09/30/2025
Texas,97,3,0,98,92,6,2,95,90,8,2,96,88,9,3,95,435657,94047,22,10/01/2024,09/30/2025
Utah,98,2,0,99,92,7,1,95,90,8,2,96,88,10,2,95,42786,11763,28,10/01/2024,09/30/2025
Vermont,98,2,0,99,94,5,1,97,92,7,1,96,94,5,1,98,1780,523,30,10/01/2024,09/30/2025
Virgin Islands,,,,,,,,,,,,,,,,,,,,,
Virginia,98,2,0,99,92,7,1,96,90,8,2,96,88,10,2,95,75827,19556,26,10/01/2024,09/30/2025
Washington,97,3,0,98,92,6,2,95,89,9,2,95,87,10,3,94,116241,29929,26,10/01/2024,09/30/2025
West Virginia,99,1,0,99,93,6,1,96,94,5,1,96,94,4,2,97,4329,1403,33,10/01/2024,09/30/2025
Wisconsin,98,2,0,99,94,5,1,96,91,7,2,96,89,9,2,95,64367,19254,30,10/01/2024,09/30/2025
Wyoming,97,3,0,99,93,6,1,96,89,9,2,95,88,10,2,95,11837,3245,27,10/01/2024,09/30/2025
